#----------------------------------------------------
#                 POPULATE DATA
#----------------------------------------------------



#---------------car_type----------------------------------

INSERT INTO digicar.car_type VALUES (DEFAULT, 'Citadine');
INSERT INTO digicar.car_type VALUES (DEFAULT, 'Cross-over');
INSERT INTO digicar.car_type VALUES (DEFAULT, '4X4');
INSERT INTO digicar.car_type VALUES (DEFAULT, 'Berline familiale');
INSERT INTO digicar.car_type VALUES (DEFAULT, 'Voiture de sport');
INSERT INTO digicar.car_type VALUES (DEFAULT, 'Voiture de collection ');

#---------------transmission_mode----------------------------------

INSERT INTO digicar.transmission_mode VALUES (DEFAULT, 'manuelle');
INSERT INTO digicar.transmission_mode VALUES (DEFAULT, 'automatique');

#---------------fuel_type----------------------------------

INSERT INTO digicar.fuel_type VALUES (DEFAULT, 'essence');
INSERT INTO digicar.fuel_type VALUES (DEFAULT, 'diesel');
INSERT INTO digicar.fuel_type VALUES (DEFAULT, 'electrique');

#--------------- occupation --------------------------
insert into occupation (car_id, parking_spots_id, id) values (7, 1, 1);
insert into occupation (car_id, parking_spots_id, id) values (8, 1, 2);
insert into occupation (car_id, parking_spots_id, id) values (9, 1, 3);
insert into occupation (car_id, parking_spots_id, id) values (10, 1, 4);
insert into occupation (car_id, parking_spots_id, id) values (11, 1, 5);
insert into occupation (car_id, parking_spots_id, id) values (12, 1, 6);
insert into occupation (car_id, parking_spots_id, id) values (13, 1, 7);
insert into occupation (car_id, parking_spots_id, id) values (14, 2, 8);
insert into occupation (car_id, parking_spots_id, id) values (15, 2, 9);
insert into occupation (car_id, parking_spots_id, id) values (19, 2, 10);
insert into occupation (car_id, parking_spots_id, id) values (21, 2, 11);


#---------------Car----------------------------------
INSERT INTO `car`
(`id`, `registration_number`, `mark`, `transmission_id`, `name_model`, `nb_places`, `nb_doors`, `type_id`, `comfort`, `kilometers`, `release_date`, `fuel_type_id`) VALUES

(5, 'AV-868-AwA', 'MAZDA', 1, 'MAZDA3', '3', '3', 2, 2, 100000, '2018-10-30', 1),

(6, 'UA-101-AA', 'MAZDA', 1, 'MAZDA3', '3', '3', 2, 2, 100000, '2018-01-30', 1),

(7, 'ZA-333-EB', 'MAZDA', 2, 'MAZDA3', '3', '3', 1, 2, 90000, '2018-01-30', 3),

(8, 'MA-653-ZP', 'MAZDA', 2, 'MAZDA3', '5', '5', 5, 3, 185078, '2018-09-30', 1),

(9, 'QP-952-MS', 'Peugeot', 1, 'Peugeot207', '5', '5', 5, 3, 100078, '2018-12-30', 1),

(10, 'QP-025-Mk', 'Peugeot', 1, 'Peugeot207', '5', '5', 5, 3, 10000, '2018-01-30', 1),

(11, 'os-025-Mk', 'Peugeot', 1, 'Peugeot207', '5', '5', 4, 5, 2, '2018-11-30', 1),

(12, 'pp-948-uo', 'Clio', 2, 'Clio2', '5', '5', 1, 4, 41, '2018-01-30', 1),

(13, 'AA-209-uo', 'Clio', 2, 'Clio2', '5', '5', 5, 4, 41, '2018-01-30', 1);

insert into car (id, registration_number, mark, name_model, nb_places, nb_doors, type_id, comfort, kilometers, release_date) values (1, 'KB-315-TG', 'Pontiac', 'Tempest', '5', '5', '1', '3', '35000', '2015-02-08');
insert into car (id, registration_number, mark, name_model, nb_places, nb_doors, type_id, comfort, kilometers, release_date) values (2, 'JH-825-ML', 'Pontiac', 'Bonneville', '5', '5', '2', '3', '35000', '2017-10-21');
insert into car (id, registration_number, mark, name_model, nb_places, nb_doors, type_id, comfort, kilometers, release_date) values (3, 'MP-091-IP', 'Audi', 'A4', '5', '5', '2', '4', '35000', '2013-10-14');
insert into car (id, registration_number, mark, name_model, nb_places, nb_doors, type_id, comfort, kilometers, release_date) values (4, 'ES-710-VU', 'Kia', 'Spectra', '5', '5', '2', '4', '35000', '2016-04-16');
insert into car (id, registration_number, mark, name_model, nb_places, nb_doors, type_id, comfort, kilometers, release_date) values (5, 'PK-017-US', 'Honda', 'del Sol', '4', '3', '2', '4', '35000', '2017-07-06');
insert into car (id, registration_number, mark, name_model, nb_places, nb_doors, type_id, comfort, kilometers, release_date) values (6, 'WE-269-ZG', 'Jeep', 'Grand Cherokee', '5', '5', '2', '4', '35000', '2017-02-18');
insert into car (id, registration_number, mark, name_model, nb_places, nb_doors, type_id, comfort, kilometers, release_date) values (7, 'XY-954-BK', 'GMC', 'Sierra 3500', '5', '5', '2', '4', '35000', '2017-07-28');
insert into car (id, registration_number, mark, name_model, nb_places, nb_doors, type_id, comfort, kilometers, release_date) values (8, 'GZ-832-PS', 'Subaru', 'Impreza', '5', '5', '2', '4', '35000', '2014-02-17');
insert into car (id, registration_number, mark, name_model, nb_places, nb_doors, type_id, comfort, kilometers, release_date) values (9, 'AF-145-RG', 'Audi', 'S5', '5', '5', '2', '4', '35000', '2016-01-25');
insert into car (id, registration_number, mark, name_model, nb_places, nb_doors, type_id, comfort, kilometers, release_date) values (10, 'ML-881-BI', 'Chevrolet', 'Express 1500', '5', '5', '2', '4', '35000', '2018-01-05');
insert into car (id, registration_number, mark, name_model, nb_places, nb_doors, type_id, comfort, kilometers, release_date) values (11, 'AE-920-IJ', 'Mitsubishi', 'Challenger', '5', '5', '2', '4', '35000', '2017-01-16');
insert into car (id, registration_number, mark, name_model, nb_places, nb_doors, type_id, comfort, kilometers, release_date) values (12, 'YT-600-VG', 'Volkswagen', 'Tiguan', '5', '5', '2', '4', '35000', '2016-07-01');
insert into car (id, registration_number, mark, name_model, nb_places, nb_doors, type_id, comfort, kilometers, release_date) values (13, 'ET-335-TC', 'Chevrolet', 'Sonic', '5', '5', '2', '4', '35000', '2018-01-28');
insert into car (id, registration_number, mark, name_model, nb_places, nb_doors, type_id, comfort, kilometers, release_date) values (14, 'JL-076-XU', 'Dodge', 'Viper', '5', '5', '2', '4', '35000', '2017-10-08');
insert into car (id, registration_number, mark, name_model, nb_places, nb_doors, type_id, comfort, kilometers, release_date) values (15, 'LJ-846-TW', 'Suzuki', 'Kizashi', '5', '5', '2', '4', '35000', '2016-11-25');
insert into car (id, registration_number, mark, name_model, nb_places, nb_doors, type_id, comfort, kilometers, release_date) values (16, 'CV-050-BD', 'Saturn', 'VUE', '5', '5', '2', '4', '35000', '2013-12-08');
insert into car (id, registration_number, mark, name_model, nb_places, nb_doors, type_id, comfort, kilometers, release_date) values (17, 'CT-488-CR', 'Audi', 'RS4', '5', '5', '2', '4', '35000', '2015-11-21');
insert into car (id, registration_number, mark, name_model, nb_places, nb_doors, type_id, comfort, kilometers, release_date) values (18, 'YB-505-HQ', 'Mazda', 'Tribute', '5', '5', '2', '4', '35000', '2012-09-16');
insert into car (id, registration_number, mark, name_model, nb_places, nb_doors, type_id, comfort, kilometers, release_date) values (19, 'CR-336-ED', 'Plymouth', 'Neon', '5', '5', '2', '4', '35000', '2013-07-14');
insert into car (id, registration_number, mark, name_model, nb_places, nb_doors, type_id, comfort, kilometers, release_date) values (20, 'JG-054-EW', 'Mitsubishi', 'Montero', '5', '5', '2', '4', '35000', '2014-11-18');
insert into car (id, registration_number, mark, name_model, nb_places, nb_doors, type_id, comfort, kilometers, release_date) values (21, 'GJ-896-NF', 'Mercury', 'Cougar', '5', '5', '2', '4', '35000', '2015-08-11');
insert into car (id, registration_number, mark, name_model, nb_places, nb_doors, type_id, comfort, kilometers, release_date) values (22, 'FR-314-LG', 'Alfa Romeo', '164', '5', '5', '2', '4', '35000', '2015-09-29');
insert into car (id, registration_number, mark, name_model, nb_places, nb_doors, type_id, comfort, kilometers, release_date) values (23, 'GC-260-LE', 'Ford', 'F150', '5', '5', '2', '4', '35000', '2014-09-13');
insert into car (id, registration_number, mark, name_model, nb_places, nb_doors, type_id, comfort, kilometers, release_date) values (24, 'VZ-409-IL', 'Suzuki', 'Esteem', '5', '5', '2', '4', '35000', '2014-11-11');
insert into car (id, registration_number, mark, name_model, nb_places, nb_doors, type_id, comfort, kilometers, release_date) values (25, 'JE-177-KA', 'Pontiac', 'Safari', '5', '5', '2', '4', '35000', '2014-10-22');
insert into car (id, registration_number, mark, name_model, nb_places, nb_doors, type_id, comfort, kilometers, release_date) values (26, 'VY-191-KJ', 'GMC', 'Yukon', '5', '5', '2', '4', '35000', '2014-08-30');
insert into car (id, registration_number, mark, name_model, nb_places, nb_doors, type_id, comfort, kilometers, release_date) values (27, 'YI-593-YZ', 'Infiniti', 'QX56', '5', '5', '2', '4', '35000', '2015-04-21');
insert into car (id, registration_number, mark, name_model, nb_places, nb_doors, type_id, comfort, kilometers, release_date) values (28, 'RG-198-IA', 'Lincoln', 'Continental Mark VII', '5', '5', '2', '4', '35000', '2013-09-26');
insert into car (id, registration_number, mark, name_model, nb_places, nb_doors, type_id, comfort, kilometers, release_date) values (29, 'XP-615-AT', 'Lexus', 'GS', '5', '5', '2', '4', '35000', '2014-07-11');
insert into car (id, registration_number, mark, name_model, nb_places, nb_doors, type_id, comfort, kilometers, release_date) values (30, 'FV-551-DG', 'Mercury', 'Cougar', '5', '5', '2', '4', '35000', '2017-09-19');
insert into car (id, registration_number, mark, name_model, nb_places, nb_doors, type_id, comfort, kilometers, release_date) values (31, 'CS-661-GZ', 'Volkswagen', 'Jetta', '5', '5', '2', '4', '35000', '2013-07-10');
insert into car (id, registration_number, mark, name_model, nb_places, nb_doors, type_id, comfort, kilometers, release_date) values (32, 'EZ-773-XO', 'Chevrolet', 'Impala', '5', '5', '2', '4', '35000', '2013-11-17');
insert into car (id, registration_number, mark, name_model, nb_places, nb_doors, type_id, comfort, kilometers, release_date) values (33, 'DN-927-GI', 'GMC', 'Vandura 2500', '5', '5', '2', '4', '35000', '2013-04-05');
insert into car (id, registration_number, mark, name_model, nb_places, nb_doors, type_id, comfort, kilometers, release_date) values (34, 'PH-664-RG', 'Chevrolet', 'Express 1500', '5', '5', '2', '4', '35000', '2016-02-04');
insert into car (id, registration_number, mark, name_model, nb_places, nb_doors, type_id, comfort, kilometers, release_date) values (35, 'UO-526-GX', 'BMW', '7 Series', '5', '5', '2', '4', '35000', '2012-03-18');
insert into car (id, registration_number, mark, name_model, nb_places, nb_doors, type_id, comfort, kilometers, release_date) values (36, 'YN-662-KX', 'Chevrolet', 'Impala', '5', '5', '2', '4', '35000', '2013-07-20');
insert into car (id, registration_number, mark, name_model, nb_places, nb_doors, type_id, comfort, kilometers, release_date) values (37, 'QD-584-QA', 'Porsche', '944', '5', '5', '2', '4', '35000', '2017-04-03');
insert into car (id, registration_number, mark, name_model, nb_places, nb_doors, type_id, comfort, kilometers, release_date) values (38, 'UI-706-VY', 'Dodge', 'Viper', '5', '5', '2', '4', '35000', '2012-09-08');
insert into car (id, registration_number, mark, name_model, nb_places, nb_doors, type_id, comfort, kilometers, release_date) values (39, 'EB-184-WF', 'BMW', 'Z3', '5', '5', '2', '4', '35000', '2012-11-23');
insert into car (id, registration_number, mark, name_model, nb_places, nb_doors, type_id, comfort, kilometers, release_date) values (40, 'PO-367-WY', 'Mercury', 'Mountaineer', '5', '5', '2', '4', '35000', '2013-03-09');
insert into car (id, registration_number, mark, name_model, nb_places, nb_doors, type_id, comfort, kilometers, release_date) values (41, 'LI-621-XC', 'Mitsubishi', 'Pajero', '5', '5', '2', '4', '35000', '2013-09-06');
insert into car (id, registration_number, mark, name_model, nb_places, nb_doors, type_id, comfort, kilometers, release_date) values (42, 'PM-433-PQ', 'Audi', 'S4', '5', '5', '2', '4', '35000', '2013-06-18');
insert into car (id, registration_number, mark, name_model, nb_places, nb_doors, type_id, comfort, kilometers, release_date) values (43, 'XQ-794-YP', 'Mitsubishi', 'Tredia', '5', '5', '2', '4', '35000', '2012-09-29');
insert into car (id, registration_number, mark, name_model, nb_places, nb_doors, type_id, comfort, kilometers, release_date) values (44, 'GM-988-XZ', 'Pontiac', 'Grand Prix Turbo', '5', '5', '2', '4', '35000', '2013-02-08');
insert into car (id, registration_number, mark, name_model, nb_places, nb_doors, type_id, comfort, kilometers, release_date) values (45, 'AB-694-QI', 'Suzuki', 'XL7', '5', '5', '2', '4', '35000', '2017-07-29');
insert into car (id, registration_number, mark, name_model, nb_places, nb_doors, type_id, comfort, kilometers, release_date) values (46, 'LJ-415-IY', 'Volkswagen', 'Fox', '5', '5', '2', '4', '35000', '2015-12-08');
insert into car (id, registration_number, mark, name_model, nb_places, nb_doors, type_id, comfort, kilometers, release_date) values (47, 'LS-380-KP', 'Dodge', 'Daytona', '5', '5', '2', '4', '35000', '2015-05-19');
insert into car (id, registration_number, mark, name_model, nb_places, nb_doors, type_id, comfort, kilometers, release_date) values (48, 'ZB-185-GQ', 'Ford', 'Festiva', '5', '5', '2', '4', '35000', '2016-09-18');
insert into car (id, registration_number, mark, name_model, nb_places, nb_doors, type_id, comfort, kilometers, release_date) values (49, 'AX-439-ZW', 'Lotus', 'Elise', '5', '5', '2', '4', '35000', '2015-04-30');
insert into car (id, registration_number, mark, name_model, nb_places, nb_doors, type_id, comfort, kilometers, release_date) values (50, 'XZ-467-AU', 'Toyota', 'MR2', '5', '5', '2', '4', '35000', '2017-07-03');
insert into car (id, registration_number, mark, name_model, nb_places, nb_doors, type_id, comfort, kilometers, release_date) values (51, 'LZ-082-SJ', 'Saab', '9-5', '5', '5', '2', '4', '35000', '2016-12-28');
insert into car (id, registration_number, mark, name_model, nb_places, nb_doors, type_id, comfort, kilometers, release_date) values (52, 'RU-750-FZ', 'Scion', 'tC', '5', '5', '2', '4', '35000', '2012-05-05');
insert into car (id, registration_number, mark, name_model, nb_places, nb_doors, type_id, comfort, kilometers, release_date) values (53, 'KL-757-ZV', 'Mercury', 'Capri', '5', '5', '2', '4', '35000', '2012-10-11');
insert into car (id, registration_number, mark, name_model, nb_places, nb_doors, type_id, comfort, kilometers, release_date) values (54, 'RK-471-MT', 'Mercury', 'Villager', '5', '5', '2', '4', '35000', '2014-08-27');
insert into car (id, registration_number, mark, name_model, nb_places, nb_doors, type_id, comfort, kilometers, release_date) values (55, 'JT-436-KF', 'Nissan', 'Murano', '5', '5', '2', '4', '35000', '2017-03-04');
insert into car (id, registration_number, mark, name_model, nb_places, nb_doors, type_id, comfort, kilometers, release_date) values (56, 'VB-784-NQ', 'Mazda', '626', '5', '5', '2', '4', '35000', '2016-08-01');
insert into car (id, registration_number, mark, name_model, nb_places, nb_doors, type_id, comfort, kilometers, release_date) values (57, 'OF-934-YR', 'Mazda', '929', '5', '5', '2', '4', '35000', '2013-07-12');
insert into car (id, registration_number, mark, name_model, nb_places, nb_doors, type_id, comfort, kilometers, release_date) values (58, 'DK-166-NX', 'Pontiac', '6000', '5', '5', '2', '4', '35000', '2018-01-24');
insert into car (id, registration_number, mark, name_model, nb_places, nb_doors, type_id, comfort, kilometers, release_date) values (59, 'MH-514-KY', 'Suzuki', 'Cultus', '5', '5', '2', '4', '35000', '2017-06-11');
insert into car (id, registration_number, mark, name_model, nb_places, nb_doors, type_id, comfort, kilometers, release_date) values (60, 'OP-826-AQ', 'Infiniti', 'M', '5', '5', '2', '4', '35000', '2012-11-15');
insert into car (id, registration_number, mark, name_model, nb_places, nb_doors, type_id, comfort, kilometers, release_date) values (61, 'WD-549-KD', 'Nissan', 'GT-R', '5', '5', '2', '4', '35000', '2013-04-18');
insert into car (id, registration_number, mark, name_model, nb_places, nb_doors, type_id, comfort, kilometers, release_date) values (62, 'WM-517-FQ', 'Hyundai', 'Santa Fe', '5', '5', '2', '4', '35000', '2015-10-29');
insert into car (id, registration_number, mark, name_model, nb_places, nb_doors, type_id, comfort, kilometers, release_date) values (63, 'LG-387-NM', 'Ford', 'Festiva', '5', '5', '2', '4', '35000', '2017-10-18');
insert into car (id, registration_number, mark, name_model, nb_places, nb_doors, type_id, comfort, kilometers, release_date) values (64, 'LX-820-SX', 'Audi', 'R8', '5', '5', '2', '4', '35000', '2017-12-04');
insert into car (id, registration_number, mark, name_model, nb_places, nb_doors, type_id, comfort, kilometers, release_date) values (65, 'RC-173-TH', 'Mitsubishi', 'Challenger', '5', '5', '2', '4', '35000', '2012-09-09');
insert into car (id, registration_number, mark, name_model, nb_places, nb_doors, type_id, comfort, kilometers, release_date) values (66, 'QK-332-DX', 'Aston Martin', 'DB9', '5', '5', '2', '4', '35000', '2014-09-05');
insert into car (id, registration_number, mark, name_model, nb_places, nb_doors, type_id, comfort, kilometers, release_date) values (67, 'GU-826-RH', 'Lexus', 'GS', '5', '5', '2', '4', '35000', '2015-04-03');
insert into car (id, registration_number, mark, name_model, nb_places, nb_doors, type_id, comfort, kilometers, release_date) values (68, 'CZ-451-DA', 'GMC', 'Yukon XL 2500', '5', '5', '2', '4', '35000', '2017-09-19');
insert into car (id, registration_number, mark, name_model, nb_places, nb_doors, type_id, comfort, kilometers, release_date) values (69, 'JA-540-ON', 'Fiat', '500', '5', '5', '2', '4', '35000', '2013-03-17');
insert into car (id, registration_number, mark, name_model, nb_places, nb_doors, type_id, comfort, kilometers, release_date) values (70, 'UF-183-MS', 'Mazda', 'Millenia', '5', '5', '2', '4', '35000', '2016-09-29');
insert into car (id, registration_number, mark, name_model, nb_places, nb_doors, type_id, comfort, kilometers, release_date) values (71, 'SM-316-WT', 'Volkswagen', 'Scirocco', '5', '5', '2', '4', '35000', '2013-02-06');
insert into car (id, registration_number, mark, name_model, nb_places, nb_doors, type_id, comfort, kilometers, release_date) values (72, 'XW-633-OQ', 'Dodge', 'Nitro', '5', '5', '2', '4', '35000', '2013-01-25');
insert into car (id, registration_number, mark, name_model, nb_places, nb_doors, type_id, comfort, kilometers, release_date) values (73, 'ZX-103-WD', 'Audi', '80', '5', '5', '2', '4', '35000', '2013-04-26');
insert into car (id, registration_number, mark, name_model, nb_places, nb_doors, type_id, comfort, kilometers, release_date) values (74, 'AC-553-UG', 'Honda', 'S2000', '5', '5', '2', '4', '35000', '2016-12-15');
insert into car (id, registration_number, mark, name_model, nb_places, nb_doors, type_id, comfort, kilometers, release_date) values (75, 'VQ-372-VD', 'Ford', 'F250', '5', '5', '2', '4', '35000', '2012-12-27');
insert into car (id, registration_number, mark, name_model, nb_places, nb_doors, type_id, comfort, kilometers, release_date) values (76, 'IH-138-RD', 'Pontiac', 'Grand Prix', '5', '5', '2', '4', '35000', '2018-03-09');
insert into car (id, registration_number, mark, name_model, nb_places, nb_doors, type_id, comfort, kilometers, release_date) values (77, 'MC-087-AF', 'Aston Martin', 'DB9', '5', '5', '2', '4', '35000', '2014-12-13');
insert into car (id, registration_number, mark, name_model, nb_places, nb_doors, type_id, comfort, kilometers, release_date) values (78, 'CA-038-QM', 'Mercedes-Benz', 'CL-Class', '5', '5', '2', '4', '35000', '2016-04-29');
insert into car (id, registration_number, mark, name_model, nb_places, nb_doors, type_id, comfort, kilometers, release_date) values (79, 'GY-506-ST', 'Ford', 'Transit Connect', '5', '5', '2', '4', '35000', '2015-06-28');
insert into car (id, registration_number, mark, name_model, nb_places, nb_doors, type_id, comfort, kilometers, release_date) values (80, 'ES-619-WC', 'Nissan', 'Rogue', '5', '5', '2', '4', '35000', '2012-03-30');
insert into car (id, registration_number, mark, name_model, nb_places, nb_doors, type_id, comfort, kilometers, release_date) values (81, 'SC-051-LK', 'Toyota', 'Avalon', '5', '5', '2', '4', '35000', '2016-03-11');
insert into car (id, registration_number, mark, name_model, nb_places, nb_doors, type_id, comfort, kilometers, release_date) values (82, 'TM-564-BP', 'Suzuki', 'Swift', '5', '5', '2', '4', '35000', '2014-04-23');
insert into car (id, registration_number, mark, name_model, nb_places, nb_doors, type_id, comfort, kilometers, release_date) values (83, 'XS-035-WP', 'Lexus', 'GX', '5', '5', '2', '4', '35000', '2016-01-22');
insert into car (id, registration_number, mark, name_model, nb_places, nb_doors, type_id, comfort, kilometers, release_date) values (84, 'SD-688-KS', 'Suzuki', 'SJ', '5', '5', '2', '4', '35000', '2016-03-04');
insert into car (id, registration_number, mark, name_model, nb_places, nb_doors, type_id, comfort, kilometers, release_date) values (85, 'NR-011-IS', 'Volkswagen', 'Passat', '5', '5', '2', '4', '35000', '2014-08-20');
insert into car (id, registration_number, mark, name_model, nb_places, nb_doors, type_id, comfort, kilometers, release_date) values (86, 'CH-606-OA', 'Volkswagen', 'Scirocco', '5', '5', '2', '4', '35000', '2017-04-16');
insert into car (id, registration_number, mark, name_model, nb_places, nb_doors, type_id, comfort, kilometers, release_date) values (87, 'DC-082-IN', 'Lotus', 'Esprit', '5', '5', '2', '4', '35000', '2012-06-29');
insert into car (id, registration_number, mark, name_model, nb_places, nb_doors, type_id, comfort, kilometers, release_date) values (88, 'NJ-953-JE', 'Isuzu', 'Stylus', '5', '5', '2', '4', '35000', '2017-11-16');
insert into car (id, registration_number, mark, name_model, nb_places, nb_doors, type_id, comfort, kilometers, release_date) values (89, 'OX-779-WK', 'Honda', 'Passport', '5', '5', '2', '4', '35000', '2017-03-10');
insert into car (id, registration_number, mark, name_model, nb_places, nb_doors, type_id, comfort, kilometers, release_date) values (90, 'HE-248-GO', 'Cadillac', 'Escalade EXT', '5', '5', '2', '4', '35000', '2017-05-18');
insert into car (id, registration_number, mark, name_model, nb_places, nb_doors, type_id, comfort, kilometers, release_date) values (91, 'DG-968-HR', 'Chevrolet', 'Silverado 1500', '5', '5', '2', '4', '35000', '2018-02-03');
insert into car (id, registration_number, mark, name_model, nb_places, nb_doors, type_id, comfort, kilometers, release_date) values (92, 'DU-008-HU', 'Honda', 'Odyssey', '5', '5', '2', '4', '35000', '2016-04-21');
insert into car (id, registration_number, mark, name_model, nb_places, nb_doors, type_id, comfort, kilometers, release_date) values (93, 'SH-484-HI', 'Dodge', 'Dakota Club', '5', '5', '2', '4', '35000', '2016-07-17');
insert into car (id, registration_number, mark, name_model, nb_places, nb_doors, type_id, comfort, kilometers, release_date) values (94, 'HG-104-IS', 'Land Rover', 'Range Rover Sport', '5', '5', '2', '4', '35000', '2018-01-31');
insert into car (id, registration_number, mark, name_model, nb_places, nb_doors, type_id, comfort, kilometers, release_date) values (95, 'CW-335-DU', 'Toyota', 'Matrix', '5', '5', '2', '4', '35000', '2017-11-16');
insert into car (id, registration_number, mark, name_model, nb_places, nb_doors, type_id, comfort, kilometers, release_date) values (96, 'GW-880-DV', 'GMC', 'Vandura G3500', '5', '5', '2', '4', '35000', '2015-03-29');
insert into car (id, registration_number, mark, name_model, nb_places, nb_doors, type_id, comfort, kilometers, release_date) values (97, 'RX-460-JM', 'Pontiac', 'Bonneville', '5', '5', '2', '4', '35000', '2014-08-23');
insert into car (id, registration_number, mark, name_model, nb_places, nb_doors, type_id, comfort, kilometers, release_date) values (98, 'OB-732-TU', 'Maserati', 'Quattroporte', '5', '5', '2', '4', '35000', '2013-01-10');
insert into car (id, registration_number, mark, name_model, nb_places, nb_doors, type_id, comfort, kilometers, release_date) values (99, 'ZW-158-NM', 'Saab', '9-5', '5', '5', '2', '4', '35000', '2016-04-27');
insert into car (id, registration_number, mark, name_model, nb_places, nb_doors, type_id, comfort, kilometers, release_date) values (100, 'LO-254-IR', 'Mitsubishi', 'Diamante', '5', '5', '2', '4', '35000', '2015-08-07');
insert into car (id, registration_number, mark, name_model, nb_places, nb_doors, type_id, comfort, kilometers, release_date) values (101, 'VN-738-XP', 'Chevrolet', 'Silverado Hybrid', '5', '5', '2', '4', '35000', '2018-02-26');
insert into car (id, registration_number, mark, name_model, nb_places, nb_doors, type_id, comfort, kilometers, release_date) values (102, 'BK-774-LH', 'Ford', 'Ranger', '5', '5', '2', '4', '35000', '2017-06-13');
insert into car (id, registration_number, mark, name_model, nb_places, nb_doors, type_id, comfort, kilometers, release_date) values (103, 'WP-412-TN', 'Mercedes-Benz', '400SE', '5', '5', '2', '4', '35000', '2018-02-19');
insert into car (id, registration_number, mark, name_model, nb_places, nb_doors, type_id, comfort, kilometers, release_date) values (104, 'YF-156-EY', 'GMC', 'Yukon Denali', '5', '5', '2', '4', '35000', '2014-06-11');
insert into car (id, registration_number, mark, name_model, nb_places, nb_doors, type_id, comfort, kilometers, release_date) values (105, 'OJ-389-YB', 'Hyundai', 'Elantra', '5', '5', '2', '4', '35000', '2014-10-23');
insert into car (id, registration_number, mark, name_model, nb_places, nb_doors, type_id, comfort, kilometers, release_date) values (106, 'IV-705-ZF', 'Chevrolet', 'Sportvan G10', '5', '5', '2', '4', '35000', '2017-01-17');
insert into car (id, registration_number, mark, name_model, nb_places, nb_doors, type_id, comfort, kilometers, release_date) values (107, 'MB-244-DR', 'Mazda', 'RX-7', '5', '5', '2', '4', '35000', '2013-03-13');
insert into car (id, registration_number, mark, name_model, nb_places, nb_doors, type_id, comfort, kilometers, release_date) values (108, 'UI-462-YU', 'Infiniti', 'FX', '5', '5', '2', '4', '35000', '2013-01-13');
insert into car (id, registration_number, mark, name_model, nb_places, nb_doors, type_id, comfort, kilometers, release_date) values (109, 'GA-369-TW', 'Toyota', 'Highlander', '5', '5', '2', '4', '35000', '2014-09-11');
insert into car (id, registration_number, mark, name_model, nb_places, nb_doors, type_id, comfort, kilometers, release_date) values (110, 'WE-157-IF', 'Mercury', 'Cougar', '5', '5', '2', '4', '35000', '2016-10-18');
insert into car (id, registration_number, mark, name_model, nb_places, nb_doors, type_id, comfort, kilometers, release_date) values (111, 'VR-161-IL', 'Maybach', '57', '5', '5', '2', '4', '35000', '2017-11-23');
insert into car (id, registration_number, mark, name_model, nb_places, nb_doors, type_id, comfort, kilometers, release_date) values (112, 'EX-333-KT', 'BMW', 'M3', '5', '5', '2', '4', '35000', '2014-06-10');
insert into car (id, registration_number, mark, name_model, nb_places, nb_doors, type_id, comfort, kilometers, release_date) values (113, 'HT-085-GE', 'Honda', 'Ridgeline', '5', '5', '2', '4', '35000', '2012-10-17');
insert into car (id, registration_number, mark, name_model, nb_places, nb_doors, type_id, comfort, kilometers, release_date) values (114, 'SC-500-OV', 'Subaru', 'B9 Tribeca', '5', '5', '2', '4', '35000', '2017-08-29');
insert into car (id, registration_number, mark, name_model, nb_places, nb_doors, type_id, comfort, kilometers, release_date) values (115, 'CL-921-IH', 'Hyundai', 'Sonata', '5', '5', '2', '4', '35000', '2015-06-11');
insert into car (id, registration_number, mark, name_model, nb_places, nb_doors, type_id, comfort, kilometers, release_date) values (116, 'UP-458-AK', 'Hyundai', 'Santa Fe', '5', '5', '2', '4', '35000', '2016-12-30');
insert into car (id, registration_number, mark, name_model, nb_places, nb_doors, type_id, comfort, kilometers, release_date) values (117, 'BF-160-PO', 'Subaru', 'Impreza', '5', '5', '2', '4', '35000', '2017-05-21');
insert into car (id, registration_number, mark, name_model, nb_places, nb_doors, type_id, comfort, kilometers, release_date) values (118, 'GR-451-OE', 'Toyota', 'Camry', '5', '5', '2', '4', '35000', '2012-06-27');
insert into car (id, registration_number, mark, name_model, nb_places, nb_doors, type_id, comfort, kilometers, release_date) values (119, 'KB-657-PW', 'Ford', 'Explorer', '5', '5', '2', '4', '35000', '2012-05-12');
insert into car (id, registration_number, mark, name_model, nb_places, nb_doors, type_id, comfort, kilometers, release_date) values (120, 'WB-533-XE', 'Mazda', 'Familia', '5', '5', '2', '4', '35000', '2015-11-13');
insert into car (id, registration_number, mark, name_model, nb_places, nb_doors, type_id, comfort, kilometers, release_date) values (121, 'QA-979-QD', 'Mazda', 'Mazda6', '5', '5', '2', '4', '35000', '2013-01-10');
insert into car (id, registration_number, mark, name_model, nb_places, nb_doors, type_id, comfort, kilometers, release_date) values (122, 'SY-595-YR', 'Ford', 'Thunderbird', '5', '5', '2', '4', '35000', '2015-08-25');
insert into car (id, registration_number, mark, name_model, nb_places, nb_doors, type_id, comfort, kilometers, release_date) values (123, 'CU-042-MR', 'Ford', 'Expedition', '5', '5', '2', '4', '35000', '2015-04-02');
insert into car (id, registration_number, mark, name_model, nb_places, nb_doors, type_id, comfort, kilometers, release_date) values (124, 'ZM-849-SA', 'Nissan', 'Leaf', '5', '5', '2', '4', '35000', '2016-11-06');
insert into car (id, registration_number, mark, name_model, nb_places, nb_doors, type_id, comfort, kilometers, release_date) values (125, 'DM-772-OU', 'Dodge', 'Ram Van 3500', '5', '5', '2', '4', '35000', '2012-07-16');
insert into car (id, registration_number, mark, name_model, nb_places, nb_doors, type_id, comfort, kilometers, release_date) values (126, 'DE-031-CR', 'Toyota', 'Yaris', '5', '5', '2', '4', '35000', '2016-12-28');
insert into car (id, registration_number, mark, name_model, nb_places, nb_doors, type_id, comfort, kilometers, release_date) values (127, 'XJ-932-TJ', 'Mitsubishi', 'Montero', '5', '5', '2', '4', '35000', '2013-11-06');
insert into car (id, registration_number, mark, name_model, nb_places, nb_doors, type_id, comfort, kilometers, release_date) values (128, 'OI-055-ES', 'Chevrolet', 'Suburban 1500', '5', '5', '2', '4', '35000', '2016-09-19');
insert into car (id, registration_number, mark, name_model, nb_places, nb_doors, type_id, comfort, kilometers, release_date) values (129, 'KC-004-OW', 'Lincoln', 'Navigator', '5', '5', '2', '4', '35000', '2016-07-02');
insert into car (id, registration_number, mark, name_model, nb_places, nb_doors, type_id, comfort, kilometers, release_date) values (130, 'LI-595-RW', 'Chevrolet', 'Impala', '5', '5', '2', '4', '35000', '2014-08-21');
insert into car (id, registration_number, mark, name_model, nb_places, nb_doors, type_id, comfort, kilometers, release_date) values (131, 'CS-644-AR', 'Plymouth', 'Neon', '5', '5', '2', '4', '35000', '2013-09-01');
insert into car (id, registration_number, mark, name_model, nb_places, nb_doors, type_id, comfort, kilometers, release_date) values (132, 'JF-043-UH', 'GMC', 'Sonoma', '5', '5', '2', '4', '35000', '2014-08-17');
insert into car (id, registration_number, mark, name_model, nb_places, nb_doors, type_id, comfort, kilometers, release_date) values (133, 'IK-695-BO', 'Toyota', 'Sequoia', '5', '5', '2', '4', '35000', '2014-10-20');
insert into car (id, registration_number, mark, name_model, nb_places, nb_doors, type_id, comfort, kilometers, release_date) values (134, 'NC-394-LN', 'Subaru', 'Outback', '5', '5', '2', '4', '35000', '2017-11-21');
insert into car (id, registration_number, mark, name_model, nb_places, nb_doors, type_id, comfort, kilometers, release_date) values (135, 'SA-392-BP', 'Chrysler', 'New Yorker', '5', '5', '2', '4', '35000', '2016-08-09');
insert into car (id, registration_number, mark, name_model, nb_places, nb_doors, type_id, comfort, kilometers, release_date) values (136, 'LD-974-IQ', 'Honda', 'Accord Crosstour', '5', '5', '2', '4', '35000', '2015-06-16');
insert into car (id, registration_number, mark, name_model, nb_places, nb_doors, type_id, comfort, kilometers, release_date) values (137, 'TF-522-NI', 'Chevrolet', 'Corvair 500', '5', '5', '2', '4', '35000', '2016-08-17');
insert into car (id, registration_number, mark, name_model, nb_places, nb_doors, type_id, comfort, kilometers, release_date) values (138, 'GY-286-PC', 'Pontiac', 'Bonneville', '5', '5', '2', '4', '35000', '2016-01-07');
insert into car (id, registration_number, mark, name_model, nb_places, nb_doors, type_id, comfort, kilometers, release_date) values (139, 'BL-452-DR', 'Audi', 'A4', '5', '5', '2', '4', '35000', '2016-06-19');
insert into car (id, registration_number, mark, name_model, nb_places, nb_doors, type_id, comfort, kilometers, release_date) values (140, 'NG-385-DA', 'Ford', 'F250', '5', '5', '2', '4', '35000', '2016-06-01');
insert into car (id, registration_number, mark, name_model, nb_places, nb_doors, type_id, comfort, kilometers, release_date) values (141, 'CE-764-JO', 'Saturn', 'S-Series', '5', '5', '2', '4', '35000', '2013-04-21');
insert into car (id, registration_number, mark, name_model, nb_places, nb_doors, type_id, comfort, kilometers, release_date) values (142, 'JF-895-BM', 'Volvo', 'S60', '5', '5', '2', '4', '35000', '2016-04-27');
insert into car (id, registration_number, mark, name_model, nb_places, nb_doors, type_id, comfort, kilometers, release_date) values (143, 'LW-321-ZP', 'Ford', 'Fusion', '5', '5', '2', '4', '35000', '2013-11-26');
insert into car (id, registration_number, mark, name_model, nb_places, nb_doors, type_id, comfort, kilometers, release_date) values (144, 'HG-069-ZI', 'Suzuki', 'Verona', '5', '5', '2', '4', '35000', '2014-01-03');
insert into car (id, registration_number, mark, name_model, nb_places, nb_doors, type_id, comfort, kilometers, release_date) values (145, 'XC-585-IC', 'Honda', 'CR-V', '5', '5', '2', '4', '35000', '2016-05-18');
insert into car (id, registration_number, mark, name_model, nb_places, nb_doors, type_id, comfort, kilometers, release_date) values (146, 'ON-313-KE', 'Subaru', 'Outback', '5', '5', '2', '4', '35000', '2016-03-05');
insert into car (id, registration_number, mark, name_model, nb_places, nb_doors, type_id, comfort, kilometers, release_date) values (147, 'SF-195-WI', 'Mazda', 'B-Series Plus', '5', '5', '2', '4', '35000', '2017-01-02');
insert into car (id, registration_number, mark, name_model, nb_places, nb_doors, type_id, comfort, kilometers, release_date) values (148, 'NO-269-GY', 'Kia', 'Spectra', '5', '5', '2', '4', '35000', '2013-04-21');
insert into car (id, registration_number, mark, name_model, nb_places, nb_doors, type_id, comfort, kilometers, release_date) values (149, 'CF-029-AM', 'Toyota', 'Tacoma Xtra', '5', '5', '2', '4', '35000', '2013-09-08');
insert into car (id, registration_number, mark, name_model, nb_places, nb_doors, type_id, comfort, kilometers, release_date) values (150, 'EY-011-CY', 'Lexus', 'GS', '5', '5', '2', '4', '35000', '2014-02-07');
insert into car (id, registration_number, mark, name_model, nb_places, nb_doors, type_id, comfort, kilometers, release_date) values (151, 'ZU-438-VR', 'Nissan', 'GT-R', '5', '5', '2', '4', '35000', '2012-07-28');
insert into car (id, registration_number, mark, name_model, nb_places, nb_doors, type_id, comfort, kilometers, release_date) values (152, 'KL-420-NS', 'Honda', 'S2000', '5', '5', '2', '4', '35000', '2016-09-19');
insert into car (id, registration_number, mark, name_model, nb_places, nb_doors, type_id, comfort, kilometers, release_date) values (153, 'GR-811-XB', 'Ford', 'F350', '5', '5', '2', '4', '35000', '2015-12-21');
insert into car (id, registration_number, mark, name_model, nb_places, nb_doors, type_id, comfort, kilometers, release_date) values (154, 'YL-923-YM', 'Ford', 'Ranger', '5', '5', '2', '4', '35000', '2015-11-26');
insert into car (id, registration_number, mark, name_model, nb_places, nb_doors, type_id, comfort, kilometers, release_date) values (155, 'OC-391-KE', 'Plymouth', 'Breeze', '5', '5', '2', '4', '35000', '2013-12-31');
insert into car (id, registration_number, mark, name_model, nb_places, nb_doors, type_id, comfort, kilometers, release_date) values (156, 'BA-505-PA', 'Dodge', 'Ram Van 1500', '5', '5', '2', '4', '35000', '2017-09-27');
insert into car (id, registration_number, mark, name_model, nb_places, nb_doors, type_id, comfort, kilometers, release_date) values (157, 'RH-677-CT', 'Saab', '9-3', '5', '5', '2', '4', '35000', '2017-11-30');
insert into car (id, registration_number, mark, name_model, nb_places, nb_doors, type_id, comfort, kilometers, release_date) values (158, 'DB-983-AQ', 'Lexus', 'RX', '5', '5', '2', '4', '35000', '2014-09-08');
insert into car (id, registration_number, mark, name_model, nb_places, nb_doors, type_id, comfort, kilometers, release_date) values (159, 'ZG-838-KD', 'Subaru', 'Forester', '5', '5', '2', '4', '35000', '2016-11-25');
insert into car (id, registration_number, mark, name_model, nb_places, nb_doors, type_id, comfort, kilometers, release_date) values (160, 'PQ-473-TF', 'Acura', 'Integra', '5', '5', '2', '4', '35000', '2015-12-22');
insert into car (id, registration_number, mark, name_model, nb_places, nb_doors, type_id, comfort, kilometers, release_date) values (161, 'ET-882-NH', 'Honda', 'Fit', '5', '5', '2', '4', '35000', '2018-03-10');
insert into car (id, registration_number, mark, name_model, nb_places, nb_doors, type_id, comfort, kilometers, release_date) values (162, 'EO-539-ZS', 'Cadillac', 'Escalade EXT', '5', '5', '2', '4', '35000', '2017-11-18');
insert into car (id, registration_number, mark, name_model, nb_places, nb_doors, type_id, comfort, kilometers, release_date) values (163, 'ND-529-ED', 'Volkswagen', 'Cabriolet', '5', '5', '2', '4', '35000', '2017-10-28');
insert into car (id, registration_number, mark, name_model, nb_places, nb_doors, type_id, comfort, kilometers, release_date) values (164, 'KT-984-OZ', 'Nissan', '370Z', '5', '5', '2', '4', '35000', '2015-03-20');
insert into car (id, registration_number, mark, name_model, nb_places, nb_doors, type_id, comfort, kilometers, release_date) values (165, 'OY-130-VI', 'BMW', '3 Series', '5', '5', '2', '4', '35000', '2017-03-16');
insert into car (id, registration_number, mark, name_model, nb_places, nb_doors, type_id, comfort, kilometers, release_date) values (166, 'AI-228-WV', 'Land Rover', 'Range Rover', '5', '5', '2', '4', '35000', '2016-12-08');
insert into car (id, registration_number, mark, name_model, nb_places, nb_doors, type_id, comfort, kilometers, release_date) values (167, 'WC-948-JK', 'Mercury', 'Montego', '5', '5', '2', '4', '35000', '2013-02-27');
insert into car (id, registration_number, mark, name_model, nb_places, nb_doors, type_id, comfort, kilometers, release_date) values (168, 'FR-964-DC', 'Dodge', 'Caravan', '5', '5', '2', '4', '35000', '2016-06-16');
insert into car (id, registration_number, mark, name_model, nb_places, nb_doors, type_id, comfort, kilometers, release_date) values (169, 'PW-681-CM', 'GMC', '2500 Club Coupe', '5', '5', '2', '4', '35000', '2014-08-04');
insert into car (id, registration_number, mark, name_model, nb_places, nb_doors, type_id, comfort, kilometers, release_date) values (170, 'HK-286-GR', 'Lincoln', 'Town Car', '5', '5', '2', '4', '35000', '2013-07-22');
insert into car (id, registration_number, mark, name_model, nb_places, nb_doors, type_id, comfort, kilometers, release_date) values (171, 'UI-964-IC', 'Hummer', 'H2', '5', '5', '2', '4', '35000', '2018-01-22');
insert into car (id, registration_number, mark, name_model, nb_places, nb_doors, type_id, comfort, kilometers, release_date) values (172, 'XJ-869-EH', 'Chevrolet', 'Tahoe', '5', '5', '2', '4', '35000', '2015-10-16');
insert into car (id, registration_number, mark, name_model, nb_places, nb_doors, type_id, comfort, kilometers, release_date) values (173, 'JV-136-XV', 'MINI', 'Cooper', '5', '5', '2', '4', '35000', '2014-02-05');
insert into car (id, registration_number, mark, name_model, nb_places, nb_doors, type_id, comfort, kilometers, release_date) values (174, 'JS-104-LD', 'Bentley', 'Continental GTC', '5', '5', '2', '4', '35000', '2016-03-02');
insert into car (id, registration_number, mark, name_model, nb_places, nb_doors, type_id, comfort, kilometers, release_date) values (175, 'DU-483-BC', 'Lincoln', 'Town Car', '5', '5', '2', '4', '35000', '2012-06-02');
insert into car (id, registration_number, mark, name_model, nb_places, nb_doors, type_id, comfort, kilometers, release_date) values (176, 'EK-643-TC', 'Honda', 'CR-X', '5', '5', '2', '4', '35000', '2015-04-12');
insert into car (id, registration_number, mark, name_model, nb_places, nb_doors, type_id, comfort, kilometers, release_date) values (177, 'FN-602-YV', 'Aston Martin', 'DBS', '5', '5', '2', '4', '35000', '2014-11-29');
insert into car (id, registration_number, mark, name_model, nb_places, nb_doors, type_id, comfort, kilometers, release_date) values (178, 'YG-696-HK', 'Chevrolet', 'Camaro', '5', '5', '2', '4', '35000', '2016-03-31');
insert into car (id, registration_number, mark, name_model, nb_places, nb_doors, type_id, comfort, kilometers, release_date) values (179, 'WY-201-NF', 'Mazda', 'Tribute', '5', '5', '2', '4', '35000', '2015-03-10');
insert into car (id, registration_number, mark, name_model, nb_places, nb_doors, type_id, comfort, kilometers, release_date) values (180, 'DX-954-FD', 'Pontiac', 'Parisienne', '5', '5', '2', '4', '35000', '2016-10-25');
insert into car (id, registration_number, mark, name_model, nb_places, nb_doors, type_id, comfort, kilometers, release_date) values (181, 'OR-912-LH', 'Chevrolet', 'G-Series 1500', '5', '5', '2', '4', '35000', '2016-02-29');
insert into car (id, registration_number, mark, name_model, nb_places, nb_doors, type_id, comfort, kilometers, release_date) values (182, 'KD-754-KR', 'Chevrolet', 'Venture', '5', '5', '2', '4', '35000', '2015-01-18');
insert into car (id, registration_number, mark, name_model, nb_places, nb_doors, type_id, comfort, kilometers, release_date) values (183, 'SY-541-DP', 'Hummer', 'H1', '5', '5', '2', '4', '35000', '2013-05-08');
insert into car (id, registration_number, mark, name_model, nb_places, nb_doors, type_id, comfort, kilometers, release_date) values (184, 'NT-199-XK', 'Ford', 'E350', '5', '5', '2', '4', '35000', '2016-02-12');
insert into car (id, registration_number, mark, name_model, nb_places, nb_doors, type_id, comfort, kilometers, release_date) values (185, 'JA-374-PQ', 'Mercedes-Benz', 'E-Class', '5', '5', '2', '4', '35000', '2016-11-24');
insert into car (id, registration_number, mark, name_model, nb_places, nb_doors, type_id, comfort, kilometers, release_date) values (186, 'NP-619-OL', 'Mitsubishi', 'Endeavor', '5', '5', '2', '4', '35000', '2018-01-07');
insert into car (id, registration_number, mark, name_model, nb_places, nb_doors, type_id, comfort, kilometers, release_date) values (187, 'UK-877-SU', 'Dodge', 'Ram Wagon B150', '5', '5', '2', '4', '35000', '2012-12-25');
insert into car (id, registration_number, mark, name_model, nb_places, nb_doors, type_id, comfort, kilometers, release_date) values (188, 'LH-454-OW', 'Audi', 'A6', '5', '5', '2', '4', '35000', '2015-09-20');
insert into car (id, registration_number, mark, name_model, nb_places, nb_doors, type_id, comfort, kilometers, release_date) values (189, 'UW-720-OI', 'GMC', '2500', '5', '5', '2', '4', '35000', '2015-10-27');
insert into car (id, registration_number, mark, name_model, nb_places, nb_doors, type_id, comfort, kilometers, release_date) values (190, 'DH-202-GY', 'Toyota', 'T100', '5', '5', '2', '4', '35000', '2017-07-18');
insert into car (id, registration_number, mark, name_model, nb_places, nb_doors, type_id, comfort, kilometers, release_date) values (191, 'VA-276-VS', 'Ford', 'E-Series', '5', '5', '2', '4', '35000', '2014-10-29');
insert into car (id, registration_number, mark, name_model, nb_places, nb_doors, type_id, comfort, kilometers, release_date) values (192, 'CW-399-FI', 'Volkswagen', 'Eurovan', '5', '5', '2', '4', '35000', '2015-09-02');
insert into car (id, registration_number, mark, name_model, nb_places, nb_doors, type_id, comfort, kilometers, release_date) values (193, 'BX-439-KD', 'Dodge', 'Ram Van B150', '5', '5', '2', '4', '35000', '2017-07-24');
insert into car (id, registration_number, mark, name_model, nb_places, nb_doors, type_id, comfort, kilometers, release_date) values (194, 'LN-103-IZ', 'Honda', 'Odyssey', '5', '5', '2', '4', '35000', '2017-09-11');
insert into car (id, registration_number, mark, name_model, nb_places, nb_doors, type_id, comfort, kilometers, release_date) values (195, 'MW-232-PJ', 'Jeep', 'Grand Cherokee', '5', '5', '2', '4', '35000', '2014-02-02');
insert into car (id, registration_number, mark, name_model, nb_places, nb_doors, type_id, comfort, kilometers, release_date) values (196, 'AU-969-QX', 'Pontiac', 'LeMans', '5', '5', '2', '4', '35000', '2016-11-16');
insert into car (id, registration_number, mark, name_model, nb_places, nb_doors, type_id, comfort, kilometers, release_date) values (197, 'TR-300-ZI', 'Pontiac', 'LeMans', '5', '5', '2', '4', '35000', '2016-04-27');
insert into car (id, registration_number, mark, name_model, nb_places, nb_doors, type_id, comfort, kilometers, release_date) values (198, 'QE-397-RZ', 'Toyota', 'Sequoia', '5', '5', '2', '4', '35000', '2015-09-26');
insert into car (id, registration_number, mark, name_model, nb_places, nb_doors, type_id, comfort, kilometers, release_date) values (199, 'YC-165-YA', 'Jaguar', 'S-Type', '5', '5', '2', '4', '35000', '2014-04-04');
insert into car (id, registration_number, mark, name_model, nb_places, nb_doors, type_id, comfort, kilometers, release_date) values (200, 'WF-293-FJ', 'Pontiac', 'Sunfire', '5', '5', '2', '4', '35000', '2012-04-12');
insert into car (id, registration_number, mark, name_model, nb_places, nb_doors, type_id, comfort, kilometers, release_date) values (201, 'MO-629-TM', 'Toyota', 'Yaris', '5', '5', '2', '4', '35000', '2014-12-12');
insert into car (id, registration_number, mark, name_model, nb_places, nb_doors, type_id, comfort, kilometers, release_date) values (202, 'OU-563-OK', 'Mitsubishi', 'Starion', '5', '5', '2', '4', '35000', '2016-12-18');
insert into car (id, registration_number, mark, name_model, nb_places, nb_doors, type_id, comfort, kilometers, release_date) values (203, 'OX-813-LF', 'Nissan', 'Titan', '5', '5', '2', '4', '35000', '2017-08-19');
insert into car (id, registration_number, mark, name_model, nb_places, nb_doors, type_id, comfort, kilometers, release_date) values (204, 'WR-639-DT', 'Ford', 'F250', '5', '5', '2', '4', '35000', '2014-05-12');
insert into car (id, registration_number, mark, name_model, nb_places, nb_doors, type_id, comfort, kilometers, release_date) values (205, 'WR-821-NH', 'Volvo', 'S40', '5', '5', '2', '4', '35000', '2012-12-30');
insert into car (id, registration_number, mark, name_model, nb_places, nb_doors, type_id, comfort, kilometers, release_date) values (206, 'HS-333-FG', 'Dodge', 'Ram Wagon B250', '5', '5', '2', '4', '35000', '2015-05-11');
insert into car (id, registration_number, mark, name_model, nb_places, nb_doors, type_id, comfort, kilometers, release_date) values (207, 'WU-494-HY', 'Honda', 'Insight', '5', '5', '2', '4', '35000', '2012-08-08');
insert into car (id, registration_number, mark, name_model, nb_places, nb_doors, type_id, comfort, kilometers, release_date) values (208, 'MO-593-RC', 'Nissan', 'Versa', '5', '5', '2', '4', '35000', '2015-04-26');
insert into car (id, registration_number, mark, name_model, nb_places, nb_doors, type_id, comfort, kilometers, release_date) values (209, 'LM-700-EM', 'Land Rover', 'LR3', '5', '5', '2', '4', '35000', '2016-08-23');
insert into car (id, registration_number, mark, name_model, nb_places, nb_doors, type_id, comfort, kilometers, release_date) values (210, 'WK-932-YI', 'Chevrolet', 'Uplander', '5', '5', '2', '4', '35000', '2017-08-02');
insert into car (id, registration_number, mark, name_model, nb_places, nb_doors, type_id, comfort, kilometers, release_date) values (211, 'LJ-520-RO', 'Suzuki', 'Aerio', '5', '5', '2', '4', '35000', '2014-04-25');
insert into car (id, registration_number, mark, name_model, nb_places, nb_doors, type_id, comfort, kilometers, release_date) values (212, 'VN-994-KW', 'Nissan', 'Armada', '5', '5', '2', '4', '35000', '2012-10-22');
insert into car (id, registration_number, mark, name_model, nb_places, nb_doors, type_id, comfort, kilometers, release_date) values (213, 'QW-610-BF', 'Mitsubishi', 'Montero', '5', '5', '2', '4', '35000', '2013-02-13');
insert into car (id, registration_number, mark, name_model, nb_places, nb_doors, type_id, comfort, kilometers, release_date) values (214, 'JO-882-DZ', 'Buick', 'LeSabre', '5', '5', '2', '4', '35000', '2012-11-27');
insert into car (id, registration_number, mark, name_model, nb_places, nb_doors, type_id, comfort, kilometers, release_date) values (215, 'FS-139-PJ', 'Mazda', 'Mazda3', '5', '5', '2', '4', '35000', '2012-04-09');
insert into car (id, registration_number, mark, name_model, nb_places, nb_doors, type_id, comfort, kilometers, release_date) values (216, 'OM-689-AG', 'Kia', 'Sorento', '5', '5', '2', '4', '35000', '2012-05-09');
insert into car (id, registration_number, mark, name_model, nb_places, nb_doors, type_id, comfort, kilometers, release_date) values (217, 'SL-739-XJ', 'Infiniti', 'G', '5', '5', '2', '4', '35000', '2012-05-14');
insert into car (id, registration_number, mark, name_model, nb_places, nb_doors, type_id, comfort, kilometers, release_date) values (218, 'CH-553-FL', 'Ford', 'F350', '5', '5', '2', '4', '35000', '2016-07-11');
insert into car (id, registration_number, mark, name_model, nb_places, nb_doors, type_id, comfort, kilometers, release_date) values (219, 'VQ-670-AU', 'Jeep', 'Wrangler', '5', '5', '2', '4', '35000', '2014-05-07');
insert into car (id, registration_number, mark, name_model, nb_places, nb_doors, type_id, comfort, kilometers, release_date) values (220, 'CN-339-DY', 'Cadillac', 'Seville', '5', '5', '2', '4', '35000', '2014-07-30');
insert into car (id, registration_number, mark, name_model, nb_places, nb_doors, type_id, comfort, kilometers, release_date) values (221, 'YP-885-JD', 'BMW', 'X3', '5', '5', '2', '4', '35000', '2014-05-03');
insert into car (id, registration_number, mark, name_model, nb_places, nb_doors, type_id, comfort, kilometers, release_date) values (222, 'VX-334-NI', 'Ford', 'Escort', '5', '5', '2', '4', '35000', '2012-04-13');
insert into car (id, registration_number, mark, name_model, nb_places, nb_doors, type_id, comfort, kilometers, release_date) values (223, 'IQ-202-EJ', 'Jaguar', 'X-Type', '5', '5', '2', '4', '35000', '2015-04-19');
insert into car (id, registration_number, mark, name_model, nb_places, nb_doors, type_id, comfort, kilometers, release_date) values (224, 'ZF-638-KE', 'Toyota', 'Land Cruiser', '5', '5', '2', '4', '35000', '2016-06-22');
insert into car (id, registration_number, mark, name_model, nb_places, nb_doors, type_id, comfort, kilometers, release_date) values (225, 'OT-869-TQ', 'Lincoln', 'Town Car', '5', '5', '2', '4', '35000', '2012-09-23');
insert into car (id, registration_number, mark, name_model, nb_places, nb_doors, type_id, comfort, kilometers, release_date) values (226, 'UP-781-DV', 'Honda', 'Insight', '5', '5', '2', '4', '35000', '2016-11-18');
insert into car (id, registration_number, mark, name_model, nb_places, nb_doors, type_id, comfort, kilometers, release_date) values (227, 'JB-961-UF', 'GMC', 'Savana 2500', '5', '5', '2', '4', '35000', '2015-06-24');
insert into car (id, registration_number, mark, name_model, nb_places, nb_doors, type_id, comfort, kilometers, release_date) values (228, 'VW-691-HE', 'Oldsmobile', 'Cutlass Cruiser', '5', '5', '2', '4', '35000', '2017-03-25');
insert into car (id, registration_number, mark, name_model, nb_places, nb_doors, type_id, comfort, kilometers, release_date) values (229, 'TF-513-JP', 'Lotus', 'Elise', '5', '5', '2', '4', '35000', '2016-06-07');
insert into car (id, registration_number, mark, name_model, nb_places, nb_doors, type_id, comfort, kilometers, release_date) values (230, 'QY-883-IF', 'Aptera', '2e', '5', '5', '2', '4', '35000', '2017-09-27');
insert into car (id, registration_number, mark, name_model, nb_places, nb_doors, type_id, comfort, kilometers, release_date) values (231, 'XA-963-IB', 'Mazda', 'Mazda3', '5', '5', '2', '4', '35000', '2012-12-06');
insert into car (id, registration_number, mark, name_model, nb_places, nb_doors, type_id, comfort, kilometers, release_date) values (232, 'HV-307-LY', 'Ford', 'Explorer', '5', '5', '2', '4', '35000', '2017-08-10');
insert into car (id, registration_number, mark, name_model, nb_places, nb_doors, type_id, comfort, kilometers, release_date) values (233, 'GI-860-FN', 'GMC', 'Savana 3500', '5', '5', '2', '4', '35000', '2014-05-22');
insert into car (id, registration_number, mark, name_model, nb_places, nb_doors, type_id, comfort, kilometers, release_date) values (234, 'KB-138-FW', 'Chevrolet', 'Express 1500', '5', '5', '2', '4', '35000', '2012-05-04');
insert into car (id, registration_number, mark, name_model, nb_places, nb_doors, type_id, comfort, kilometers, release_date) values (235, 'VW-467-DJ', 'Audi', 'riolet', '5', '5', '2', '4', '35000', '2013-08-09');
insert into car (id, registration_number, mark, name_model, nb_places, nb_doors, type_id, comfort, kilometers, release_date) values (236, 'CT-234-WF', 'Jeep', 'Cherokee', '5', '5', '2', '4', '35000', '2016-03-28');
insert into car (id, registration_number, mark, name_model, nb_places, nb_doors, type_id, comfort, kilometers, release_date) values (237, 'BK-158-EG', 'Mercury', 'Topaz', '5', '5', '2', '4', '35000', '2014-03-28');
insert into car (id, registration_number, mark, name_model, nb_places, nb_doors, type_id, comfort, kilometers, release_date) values (238, 'MN-226-OT', 'Mitsubishi', 'Challenger', '5', '5', '2', '4', '35000', '2017-08-29');
insert into car (id, registration_number, mark, name_model, nb_places, nb_doors, type_id, comfort, kilometers, release_date) values (239, 'GD-323-MQ', 'Acura', 'RL', '5', '5', '2', '4', '35000', '2014-06-05');
insert into car (id, registration_number, mark, name_model, nb_places, nb_doors, type_id, comfort, kilometers, release_date) values (240, 'CG-026-PW', 'GMC', 'Jimmy', '5', '5', '2', '4', '35000', '2013-10-13');
insert into car (id, registration_number, mark, name_model, nb_places, nb_doors, type_id, comfort, kilometers, release_date) values (241, 'VT-924-YD', 'Buick', 'Skylark', '5', '5', '2', '4', '35000', '2017-04-05');
insert into car (id, registration_number, mark, name_model, nb_places, nb_doors, type_id, comfort, kilometers, release_date) values (242, 'XK-150-ZR', 'Hummer', 'H1', '5', '5', '2', '4', '35000', '2016-01-23');
insert into car (id, registration_number, mark, name_model, nb_places, nb_doors, type_id, comfort, kilometers, release_date) values (243, 'QD-934-AD', 'Ford', 'Th!nk', '5', '5', '2', '4', '35000', '2015-09-27');
insert into car (id, registration_number, mark, name_model, nb_places, nb_doors, type_id, comfort, kilometers, release_date) values (244, 'ZF-984-PO', 'Infiniti', 'J', '5', '5', '2', '4', '35000', '2015-06-03');
insert into car (id, registration_number, mark, name_model, nb_places, nb_doors, type_id, comfort, kilometers, release_date) values (245, 'OL-606-BS', 'Kia', 'Optima', '5', '5', '2', '4', '35000', '2017-07-20');
insert into car (id, registration_number, mark, name_model, nb_places, nb_doors, type_id, comfort, kilometers, release_date) values (246, 'LZ-155-BS', 'Honda', 'Element', '5', '5', '2', '4', '35000', '2016-02-06');
insert into car (id, registration_number, mark, name_model, nb_places, nb_doors, type_id, comfort, kilometers, release_date) values (247, 'IJ-263-HS', 'Chevrolet', 'Lumina', '5', '5', '2', '4', '35000', '2012-08-30');
insert into car (id, registration_number, mark, name_model, nb_places, nb_doors, type_id, comfort, kilometers, release_date) values (248, 'RD-131-EC', 'Dodge', 'Grand Caravan', '5', '5', '2', '4', '35000', '2013-11-06');
insert into car (id, registration_number, mark, name_model, nb_places, nb_doors, type_id, comfort, kilometers, release_date) values (249, 'SX-633-QA', 'Chevrolet', 'Corvette', '5', '5', '2', '4', '35000', '2012-12-10');
insert into car (id, registration_number, mark, name_model, nb_places, nb_doors, type_id, comfort, kilometers, release_date) values (250, 'EF-662-NP', 'GMC', 'Savana 3500', '5', '5', '2', '4', '35000', '2016-05-07');
insert into car (id, registration_number, mark, name_model, nb_places, nb_doors, type_id, comfort, kilometers, release_date) values (251, 'RM-001-RS', 'Suzuki', 'XL-7', '5', '5', '2', '4', '35000', '2017-03-22');
insert into car (id, registration_number, mark, name_model, nb_places, nb_doors, type_id, comfort, kilometers, release_date) values (252, 'AH-494-BR', 'Nissan', 'Frontier', '5', '5', '2', '4', '35000', '2017-12-28');
insert into car (id, registration_number, mark, name_model, nb_places, nb_doors, type_id, comfort, kilometers, release_date) values (253, 'FP-507-VK', 'Mercedes-Benz', 'G-Class', '5', '5', '2', '4', '35000', '2018-01-21');
insert into car (id, registration_number, mark, name_model, nb_places, nb_doors, type_id, comfort, kilometers, release_date) values (254, 'NE-183-LU', 'Dodge', 'Caravan', '5', '5', '2', '4', '35000', '2018-01-29');
insert into car (id, registration_number, mark, name_model, nb_places, nb_doors, type_id, comfort, kilometers, release_date) values (255, 'NC-460-SP', 'MINI', 'MINI', '5', '5', '2', '4', '35000', '2014-11-30');
insert into car (id, registration_number, mark, name_model, nb_places, nb_doors, type_id, comfort, kilometers, release_date) values (256, 'KL-442-VQ', 'Land Rover', 'Defender', '5', '5', '2', '4', '35000', '2015-10-26');
insert into car (id, registration_number, mark, name_model, nb_places, nb_doors, type_id, comfort, kilometers, release_date) values (257, 'PI-447-LG', 'BMW', '3 Series', '5', '5', '2', '4', '35000', '2016-03-17');
insert into car (id, registration_number, mark, name_model, nb_places, nb_doors, type_id, comfort, kilometers, release_date) values (258, 'UH-351-JD', 'Pontiac', 'Firebird', '5', '5', '2', '4', '35000', '2016-12-20');
insert into car (id, registration_number, mark, name_model, nb_places, nb_doors, type_id, comfort, kilometers, release_date) values (259, 'BZ-219-TA', 'Mercedes-Benz', 'GL-Class', '5', '5', '2', '4', '35000', '2017-05-08');
insert into car (id, registration_number, mark, name_model, nb_places, nb_doors, type_id, comfort, kilometers, release_date) values (260, 'SA-060-VZ', 'Pontiac', 'Sunfire', '5', '5', '2', '4', '35000', '2013-04-11');
insert into car (id, registration_number, mark, name_model, nb_places, nb_doors, type_id, comfort, kilometers, release_date) values (261, 'KO-245-LI', 'GMC', 'Sierra 2500', '5', '5', '2', '4', '35000', '2016-11-05');
insert into car (id, registration_number, mark, name_model, nb_places, nb_doors, type_id, comfort, kilometers, release_date) values (262, 'AY-959-ET', 'Lexus', 'LS Hybrid', '5', '5', '2', '4', '35000', '2012-10-01');
insert into car (id, registration_number, mark, name_model, nb_places, nb_doors, type_id, comfort, kilometers, release_date) values (263, 'PK-665-GZ', 'Mercedes-Benz', 'S-Class', '5', '5', '2', '4', '35000', '2017-03-22');
insert into car (id, registration_number, mark, name_model, nb_places, nb_doors, type_id, comfort, kilometers, release_date) values (264, 'EH-969-ZU', 'Ford', 'Thunderbird', '5', '5', '2', '4', '35000', '2015-06-11');
insert into car (id, registration_number, mark, name_model, nb_places, nb_doors, type_id, comfort, kilometers, release_date) values (265, 'EM-556-IA', 'Acura', 'MDX', '5', '5', '2', '4', '35000', '2016-10-01');
insert into car (id, registration_number, mark, name_model, nb_places, nb_doors, type_id, comfort, kilometers, release_date) values (266, 'SV-972-KG', 'Dodge', 'Ramcharger', '5', '5', '2', '4', '35000', '2018-01-07');
insert into car (id, registration_number, mark, name_model, nb_places, nb_doors, type_id, comfort, kilometers, release_date) values (267, 'TB-399-LI', 'Buick', 'Enclave', '5', '5', '2', '4', '35000', '2012-04-05');
insert into car (id, registration_number, mark, name_model, nb_places, nb_doors, type_id, comfort, kilometers, release_date) values (268, 'NP-797-YH', 'Dodge', 'Caravan', '5', '5', '2', '4', '35000', '2018-03-02');
insert into car (id, registration_number, mark, name_model, nb_places, nb_doors, type_id, comfort, kilometers, release_date) values (269, 'PN-050-MC', 'Toyota', 'MR2', '5', '5', '2', '4', '35000', '2012-10-02');
insert into car (id, registration_number, mark, name_model, nb_places, nb_doors, type_id, comfort, kilometers, release_date) values (270, 'QJ-937-MO', 'Mazda', '323', '5', '5', '2', '4', '35000', '2016-01-20');
insert into car (id, registration_number, mark, name_model, nb_places, nb_doors, type_id, comfort, kilometers, release_date) values (271, 'WC-792-DO', 'Lexus', 'RX', '5', '5', '2', '4', '35000', '2013-05-17');
insert into car (id, registration_number, mark, name_model, nb_places, nb_doors, type_id, comfort, kilometers, release_date) values (272, 'GL-014-MQ', 'Chevrolet', 'Express 3500', '5', '5', '2', '4', '35000', '2016-04-30');
insert into car (id, registration_number, mark, name_model, nb_places, nb_doors, type_id, comfort, kilometers, release_date) values (273, 'LB-144-ZL', 'Suzuki', 'Sidekick', '5', '5', '2', '4', '35000', '2014-04-22');
insert into car (id, registration_number, mark, name_model, nb_places, nb_doors, type_id, comfort, kilometers, release_date) values (274, 'ZB-732-HQ', 'Mazda', 'B-Series', '5', '5', '2', '4', '35000', '2015-04-03');
insert into car (id, registration_number, mark, name_model, nb_places, nb_doors, type_id, comfort, kilometers, release_date) values (275, 'ZP-019-AR', 'Audi', 'A6', '5', '5', '2', '4', '35000', '2013-04-30');
insert into car (id, registration_number, mark, name_model, nb_places, nb_doors, type_id, comfort, kilometers, release_date) values (276, 'NC-369-QN', 'Lexus', 'GS', '5', '5', '2', '4', '35000', '2016-02-07');
insert into car (id, registration_number, mark, name_model, nb_places, nb_doors, type_id, comfort, kilometers, release_date) values (277, 'DH-872-PB', 'Chevrolet', 'Express 1500', '5', '5', '2', '4', '35000', '2015-04-17');
insert into car (id, registration_number, mark, name_model, nb_places, nb_doors, type_id, comfort, kilometers, release_date) values (278, 'PD-185-LM', 'Acura', 'TL', '5', '5', '2', '4', '35000', '2016-04-05');
insert into car (id, registration_number, mark, name_model, nb_places, nb_doors, type_id, comfort, kilometers, release_date) values (279, 'SH-784-RT', 'Mitsubishi', 'Galant', '5', '5', '2', '4', '35000', '2015-03-06');
insert into car (id, registration_number, mark, name_model, nb_places, nb_doors, type_id, comfort, kilometers, release_date) values (280, 'JF-927-ET', 'Mercedes-Benz', 'S-Class', '5', '5', '2', '4', '35000', '2013-04-25');
insert into car (id, registration_number, mark, name_model, nb_places, nb_doors, type_id, comfort, kilometers, release_date) values (281, 'ML-340-WV', 'Lamborghini', 'Countach', '5', '5', '2', '4', '35000', '2012-05-02');
insert into car (id, registration_number, mark, name_model, nb_places, nb_doors, type_id, comfort, kilometers, release_date) values (282, 'SM-166-XZ', 'Lamborghini', 'Murcilago', '5', '5', '2', '4', '35000', '2015-09-14');
insert into car (id, registration_number, mark, name_model, nb_places, nb_doors, type_id, comfort, kilometers, release_date) values (283, 'FA-382-RA', 'Volkswagen', 'Beetle', '5', '5', '2', '4', '35000', '2015-07-29');
insert into car (id, registration_number, mark, name_model, nb_places, nb_doors, type_id, comfort, kilometers, release_date) values (284, 'GP-520-EJ', 'Ford', 'Explorer', '5', '5', '2', '4', '35000', '2012-07-18');
insert into car (id, registration_number, mark, name_model, nb_places, nb_doors, type_id, comfort, kilometers, release_date) values (285, 'UQ-156-KX', 'Mitsubishi', 'Starion', '5', '5', '2', '4', '35000', '2012-10-22');
insert into car (id, registration_number, mark, name_model, nb_places, nb_doors, type_id, comfort, kilometers, release_date) values (286, 'TX-310-FC', 'Suzuki', 'Daewoo Lacetti', '5', '5', '2', '4', '35000', '2013-07-09');
insert into car (id, registration_number, mark, name_model, nb_places, nb_doors, type_id, comfort, kilometers, release_date) values (287, 'UP-857-YU', 'Suzuki', 'Daewoo Magnus', '5', '5', '2', '4', '35000', '2017-05-01');
insert into car (id, registration_number, mark, name_model, nb_places, nb_doors, type_id, comfort, kilometers, release_date) values (288, 'VW-010-PE', 'Chevrolet', 'Camaro', '5', '5', '2', '4', '35000', '2017-06-06');
insert into car (id, registration_number, mark, name_model, nb_places, nb_doors, type_id, comfort, kilometers, release_date) values (289, 'SU-743-MH', 'Mazda', 'Mazda6', '5', '5', '2', '4', '35000', '2016-12-11');
insert into car (id, registration_number, mark, name_model, nb_places, nb_doors, type_id, comfort, kilometers, release_date) values (290, 'IG-760-XN', 'Lamborghini', 'Diablo', '5', '5', '2', '4', '35000', '2012-11-08');
insert into car (id, registration_number, mark, name_model, nb_places, nb_doors, type_id, comfort, kilometers, release_date) values (291, 'HQ-899-YW', 'Nissan', 'Sentra', '5', '5', '2', '4', '35000', '2018-02-04');
insert into car (id, registration_number, mark, name_model, nb_places, nb_doors, type_id, comfort, kilometers, release_date) values (292, 'UY-170-DE', 'Suzuki', 'Grand Vitara', '5', '5', '2', '4', '35000', '2015-12-12');
insert into car (id, registration_number, mark, name_model, nb_places, nb_doors, type_id, comfort, kilometers, release_date) values (293, 'ST-403-AO', 'Nissan', 'Titan', '5', '5', '2', '4', '35000', '2013-11-14');
insert into car (id, registration_number, mark, name_model, nb_places, nb_doors, type_id, comfort, kilometers, release_date) values (294, 'UF-448-HC', 'Suzuki', 'Esteem', '5', '5', '2', '4', '35000', '2018-02-04');
insert into car (id, registration_number, mark, name_model, nb_places, nb_doors, type_id, comfort, kilometers, release_date) values (295, 'VO-136-VT', 'Lexus', 'GS', '5', '5', '2', '4', '35000', '2013-08-30');
insert into car (id, registration_number, mark, name_model, nb_places, nb_doors, type_id, comfort, kilometers, release_date) values (296, 'IR-247-CH', 'Mazda', 'MX-3', '5', '5', '2', '4', '35000', '2016-12-02');
insert into car (id, registration_number, mark, name_model, nb_places, nb_doors, type_id, comfort, kilometers, release_date) values (297, 'NW-570-UX', 'Subaru', 'Baja', '5', '5', '2', '4', '35000', '2014-07-27');
insert into car (id, registration_number, mark, name_model, nb_places, nb_doors, type_id, comfort, kilometers, release_date) values (298, 'FL-628-DL', 'BMW', '6 Series', '5', '5', '2', '4', '35000', '2012-09-28');
insert into car (id, registration_number, mark, name_model, nb_places, nb_doors, type_id, comfort, kilometers, release_date) values (299, 'HG-326-ZR', 'Mitsubishi', '3000GT', '5', '5', '2', '4', '35000', '2016-03-17');
insert into car (id, registration_number, mark, name_model, nb_places, nb_doors, type_id, comfort, kilometers, release_date) values (300, 'LQ-899-PR', 'Pontiac', 'Sunbird', '5', '5', '2', '4', '35000', '2017-10-01');
insert into car (id, registration_number, mark, name_model, nb_places, nb_doors, type_id, comfort, kilometers, release_date) values (301, 'FR-108-UP', 'Oldsmobile', 'Aurora', '5', '5', '2', '4', '35000', '2013-06-09');
insert into car (id, registration_number, mark, name_model, nb_places, nb_doors, type_id, comfort, kilometers, release_date) values (302, 'YL-994-LK', 'Ford', 'Mustang', '5', '5', '2', '4', '35000', '2016-01-08');
insert into car (id, registration_number, mark, name_model, nb_places, nb_doors, type_id, comfort, kilometers, release_date) values (303, 'LQ-581-SV', 'Ferrari', '599 GTB Fiorano', '5', '5', '2', '4', '35000', '2012-03-28');
insert into car (id, registration_number, mark, name_model, nb_places, nb_doors, type_id, comfort, kilometers, release_date) values (304, 'RY-526-TB', 'Volvo', 'S70', '5', '5', '2', '4', '35000', '2012-03-19');
insert into car (id, registration_number, mark, name_model, nb_places, nb_doors, type_id, comfort, kilometers, release_date) values (305, 'KO-477-DJ', 'Lincoln', 'Town Car', '5', '5', '2', '4', '35000', '2016-06-17');
insert into car (id, registration_number, mark, name_model, nb_places, nb_doors, type_id, comfort, kilometers, release_date) values (306, 'QT-340-BR', 'Toyota', 'Celica', '5', '5', '2', '4', '35000', '2014-12-30');
insert into car (id, registration_number, mark, name_model, nb_places, nb_doors, type_id, comfort, kilometers, release_date) values (307, 'TF-951-CM', 'GMC', '1500', '5', '5', '2', '4', '35000', '2017-03-04');
insert into car (id, registration_number, mark, name_model, nb_places, nb_doors, type_id, comfort, kilometers, release_date) values (308, 'AE-832-CD', 'Chrysler', 'PT Cruiser', '5', '5', '2', '4', '35000', '2013-04-24');
insert into car (id, registration_number, mark, name_model, nb_places, nb_doors, type_id, comfort, kilometers, release_date) values (309, 'EG-693-MA', 'Chevrolet', 'Silverado 2500', '5', '5', '2', '4', '35000', '2017-05-04');
insert into car (id, registration_number, mark, name_model, nb_places, nb_doors, type_id, comfort, kilometers, release_date) values (310, 'PB-031-XH', 'Aston Martin', 'DB9', '5', '5', '2', '4', '35000', '2014-08-24');
insert into car (id, registration_number, mark, name_model, nb_places, nb_doors, type_id, comfort, kilometers, release_date) values (311, 'DE-878-SV', 'Ford', 'Mustang', '5', '5', '2', '4', '35000', '2017-12-02');
insert into car (id, registration_number, mark, name_model, nb_places, nb_doors, type_id, comfort, kilometers, release_date) values (312, 'UB-495-QU', 'Dodge', 'Stratus', '5', '5', '2', '4', '35000', '2013-11-03');
insert into car (id, registration_number, mark, name_model, nb_places, nb_doors, type_id, comfort, kilometers, release_date) values (313, 'CM-870-NO', 'Hyundai', 'Tiburon', '5', '5', '2', '4', '35000', '2013-02-14');
insert into car (id, registration_number, mark, name_model, nb_places, nb_doors, type_id, comfort, kilometers, release_date) values (314, 'XS-948-KQ', 'Volvo', 'S40', '5', '5', '2', '4', '35000', '2012-12-06');
insert into car (id, registration_number, mark, name_model, nb_places, nb_doors, type_id, comfort, kilometers, release_date) values (315, 'FD-725-VF', 'Dodge', 'Shadow', '5', '5', '2', '4', '35000', '2014-04-17');
insert into car (id, registration_number, mark, name_model, nb_places, nb_doors, type_id, comfort, kilometers, release_date) values (316, 'QC-913-RE', 'Buick', 'Regal', '5', '5', '2', '4', '35000', '2013-07-07');
insert into car (id, registration_number, mark, name_model, nb_places, nb_doors, type_id, comfort, kilometers, release_date) values (317, 'MD-073-KS', 'Mazda', 'Protege', '5', '5', '2', '4', '35000', '2016-06-02');
insert into car (id, registration_number, mark, name_model, nb_places, nb_doors, type_id, comfort, kilometers, release_date) values (318, 'KA-818-CB', 'Kia', 'Optima', '5', '5', '2', '4', '35000', '2014-08-27');
insert into car (id, registration_number, mark, name_model, nb_places, nb_doors, type_id, comfort, kilometers, release_date) values (319, 'CI-728-OM', 'Volkswagen', 'GLI', '5', '5', '2', '4', '35000', '2015-04-09');
insert into car (id, registration_number, mark, name_model, nb_places, nb_doors, type_id, comfort, kilometers, release_date) values (320, 'UT-126-UE', 'Pontiac', 'Bonneville', '5', '5', '2', '4', '35000', '2017-11-17');
insert into car (id, registration_number, mark, name_model, nb_places, nb_doors, type_id, comfort, kilometers, release_date) values (321, 'YO-202-PB', 'Toyota', 'Celica', '5', '5', '2', '4', '35000', '2013-02-23');
insert into car (id, registration_number, mark, name_model, nb_places, nb_doors, type_id, comfort, kilometers, release_date) values (322, 'IA-392-HU', 'Toyota', 'T100', '5', '5', '2', '4', '35000', '2017-10-28');
insert into car (id, registration_number, mark, name_model, nb_places, nb_doors, type_id, comfort, kilometers, release_date) values (323, 'MP-820-TQ', 'GMC', 'Savana 1500', '5', '5', '2', '4', '35000', '2014-08-14');
insert into car (id, registration_number, mark, name_model, nb_places, nb_doors, type_id, comfort, kilometers, release_date) values (324, 'EN-905-IJ', 'Mazda', 'CX-7', '5', '5', '2', '4', '35000', '2015-07-30');
insert into car (id, registration_number, mark, name_model, nb_places, nb_doors, type_id, comfort, kilometers, release_date) values (325, 'OZ-168-BC', 'Mitsubishi', 'Challenger', '5', '5', '2', '4', '35000', '2017-11-24');
insert into car (id, registration_number, mark, name_model, nb_places, nb_doors, type_id, comfort, kilometers, release_date) values (326, 'GN-552-XP', 'Toyota', 'Camry', '5', '5', '2', '4', '35000', '2017-07-22');
insert into car (id, registration_number, mark, name_model, nb_places, nb_doors, type_id, comfort, kilometers, release_date) values (327, 'DF-501-DK', 'Ford', 'Probe', '5', '5', '2', '4', '35000', '2014-09-30');
insert into car (id, registration_number, mark, name_model, nb_places, nb_doors, type_id, comfort, kilometers, release_date) values (328, 'FV-462-VO', 'Lexus', 'LS', '5', '5', '2', '4', '35000', '2017-03-11');
insert into car (id, registration_number, mark, name_model, nb_places, nb_doors, type_id, comfort, kilometers, release_date) values (329, 'AE-884-KX', 'Rolls-Royce', 'Phantom', '5', '5', '2', '4', '35000', '2016-05-17');
insert into car (id, registration_number, mark, name_model, nb_places, nb_doors, type_id, comfort, kilometers, release_date) values (330, 'CD-939-ES', 'Mercedes-Benz', 'S-Class', '5', '5', '2', '4', '35000', '2016-08-06');
insert into car (id, registration_number, mark, name_model, nb_places, nb_doors, type_id, comfort, kilometers, release_date) values (331, 'ZC-873-WO', 'Mitsubishi', 'Lancer Evolution', '5', '5', '2', '4', '35000', '2016-10-05');
insert into car (id, registration_number, mark, name_model, nb_places, nb_doors, type_id, comfort, kilometers, release_date) values (332, 'PK-973-RF', 'Mitsubishi', 'Mirage', '5', '5', '2', '4', '35000', '2013-05-25');
insert into car (id, registration_number, mark, name_model, nb_places, nb_doors, type_id, comfort, kilometers, release_date) values (333, 'CF-662-TX', 'Volkswagen', 'New Beetle', '5', '5', '2', '4', '35000', '2014-12-27');
insert into car (id, registration_number, mark, name_model, nb_places, nb_doors, type_id, comfort, kilometers, release_date) values (334, 'HK-450-OV', 'Jaguar', 'XJ', '5', '5', '2', '4', '35000', '2014-07-26');
insert into car (id, registration_number, mark, name_model, nb_places, nb_doors, type_id, comfort, kilometers, release_date) values (335, 'SV-287-LS', 'Scion', 'tC', '5', '5', '2', '4', '35000', '2015-08-26');
insert into car (id, registration_number, mark, name_model, nb_places, nb_doors, type_id, comfort, kilometers, release_date) values (336, 'BH-907-UP', 'Dodge', 'D150', '5', '5', '2', '4', '35000', '2016-05-17');
insert into car (id, registration_number, mark, name_model, nb_places, nb_doors, type_id, comfort, kilometers, release_date) values (337, 'UD-865-VU', 'Lincoln', 'Town Car', '5', '5', '2', '4', '35000', '2014-03-27');
insert into car (id, registration_number, mark, name_model, nb_places, nb_doors, type_id, comfort, kilometers, release_date) values (338, 'IB-557-HX', 'Nissan', 'Pathfinder Armada', '5', '5', '2', '4', '35000', '2016-07-09');
insert into car (id, registration_number, mark, name_model, nb_places, nb_doors, type_id, comfort, kilometers, release_date) values (339, 'QE-507-NZ', 'Buick', 'Lucerne', '5', '5', '2', '4', '35000', '2014-10-10');
insert into car (id, registration_number, mark, name_model, nb_places, nb_doors, type_id, comfort, kilometers, release_date) values (340, 'CX-695-IF', 'Ford', 'Thunderbird', '5', '5', '2', '4', '35000', '2014-02-16');
insert into car (id, registration_number, mark, name_model, nb_places, nb_doors, type_id, comfort, kilometers, release_date) values (341, 'GE-246-CY', 'Buick', 'Century', '5', '5', '2', '4', '35000', '2018-01-23');
insert into car (id, registration_number, mark, name_model, nb_places, nb_doors, type_id, comfort, kilometers, release_date) values (342, 'AP-016-AD', 'Acura', 'TSX', '5', '5', '2', '4', '35000', '2017-06-01');
insert into car (id, registration_number, mark, name_model, nb_places, nb_doors, type_id, comfort, kilometers, release_date) values (343, 'JV-307-LD', 'Porsche', 'Cayman', '5', '5', '2', '4', '35000', '2017-06-08');
insert into car (id, registration_number, mark, name_model, nb_places, nb_doors, type_id, comfort, kilometers, release_date) values (344, 'JF-870-BC', 'Ford', 'F250', '5', '5', '2', '4', '35000', '2017-07-07');
insert into car (id, registration_number, mark, name_model, nb_places, nb_doors, type_id, comfort, kilometers, release_date) values (345, 'VX-038-AR', 'Saturn', 'Ion', '5', '5', '2', '4', '35000', '2017-08-19');
insert into car (id, registration_number, mark, name_model, nb_places, nb_doors, type_id, comfort, kilometers, release_date) values (346, 'RU-417-CF', 'Mercury', 'Tracer', '5', '5', '2', '4', '35000', '2016-10-26');
insert into car (id, registration_number, mark, name_model, nb_places, nb_doors, type_id, comfort, kilometers, release_date) values (347, 'EV-811-OM', 'Ford', 'Mustang', '5', '5', '2', '4', '35000', '2016-04-17');
insert into car (id, registration_number, mark, name_model, nb_places, nb_doors, type_id, comfort, kilometers, release_date) values (348, 'AV-016-MQ', 'Toyota', 'Sienna', '5', '5', '2', '4', '35000', '2017-01-04');
insert into car (id, registration_number, mark, name_model, nb_places, nb_doors, type_id, comfort, kilometers, release_date) values (349, 'MK-527-PA', 'Volkswagen', 'Golf', '5', '5', '2', '4', '35000', '2017-03-13');
insert into car (id, registration_number, mark, name_model, nb_places, nb_doors, type_id, comfort, kilometers, release_date) values (350, 'CE-467-LW', 'Kia', 'Soul', '5', '5', '2', '4', '35000', '2013-03-24');
insert into car (id, registration_number, mark, name_model, nb_places, nb_doors, type_id, comfort, kilometers, release_date) values (351, 'AL-176-WI', 'Mazda', 'Protege', '5', '5', '2', '4', '35000', '2017-06-10');
insert into car (id, registration_number, mark, name_model, nb_places, nb_doors, type_id, comfort, kilometers, release_date) values (352, 'GA-254-HB', 'Honda', 'Odyssey', '5', '5', '2', '4', '35000', '2016-04-15');
insert into car (id, registration_number, mark, name_model, nb_places, nb_doors, type_id, comfort, kilometers, release_date) values (353, 'DM-853-BE', 'Ford', 'Contour', '5', '5', '2', '4', '35000', '2013-08-08');
insert into car (id, registration_number, mark, name_model, nb_places, nb_doors, type_id, comfort, kilometers, release_date) values (354, 'WA-058-PX', 'Mercury', 'Mystique', '5', '5', '2', '4', '35000', '2016-10-24');
insert into car (id, registration_number, mark, name_model, nb_places, nb_doors, type_id, comfort, kilometers, release_date) values (355, 'EY-382-KO', 'Toyota', 'Camry', '5', '5', '2', '4', '35000', '2017-09-16');
insert into car (id, registration_number, mark, name_model, nb_places, nb_doors, type_id, comfort, kilometers, release_date) values (356, 'DY-249-UT', 'MINI', 'Cooper Clubman', '5', '5', '2', '4', '35000', '2016-06-17');
insert into car (id, registration_number, mark, name_model, nb_places, nb_doors, type_id, comfort, kilometers, release_date) values (357, 'VF-194-HG', 'Volkswagen', 'Routan', '5', '5', '2', '4', '35000', '2014-06-25');
insert into car (id, registration_number, mark, name_model, nb_places, nb_doors, type_id, comfort, kilometers, release_date) values (358, 'SP-406-BZ', 'Audi', 'V8', '5', '5', '2', '4', '35000', '2015-11-22');
insert into car (id, registration_number, mark, name_model, nb_places, nb_doors, type_id, comfort, kilometers, release_date) values (359, 'OB-132-RS', 'GMC', 'Acadia', '5', '5', '2', '4', '35000', '2014-03-13');
insert into car (id, registration_number, mark, name_model, nb_places, nb_doors, type_id, comfort, kilometers, release_date) values (360, 'KG-186-NT', 'Pontiac', 'Grand Prix', '5', '5', '2', '4', '35000', '2014-09-01');
insert into car (id, registration_number, mark, name_model, nb_places, nb_doors, type_id, comfort, kilometers, release_date) values (361, 'WN-760-KC', 'Dodge', 'Ram 3500', '5', '5', '2', '4', '35000', '2017-11-01');
insert into car (id, registration_number, mark, name_model, nb_places, nb_doors, type_id, comfort, kilometers, release_date) values (362, 'FT-914-OG', 'Infiniti', 'QX', '5', '5', '2', '4', '35000', '2014-11-09');
insert into car (id, registration_number, mark, name_model, nb_places, nb_doors, type_id, comfort, kilometers, release_date) values (363, 'WA-461-JH', 'GMC', '2500', '5', '5', '2', '4', '35000', '2013-10-09');
insert into car (id, registration_number, mark, name_model, nb_places, nb_doors, type_id, comfort, kilometers, release_date) values (364, 'VE-147-MW', 'Infiniti', 'G', '5', '5', '2', '4', '35000', '2017-05-28');
insert into car (id, registration_number, mark, name_model, nb_places, nb_doors, type_id, comfort, kilometers, release_date) values (365, 'PG-182-ES', 'Mercedes-Benz', 'C-Class', '5', '5', '2', '4', '35000', '2014-08-29');
insert into car (id, registration_number, mark, name_model, nb_places, nb_doors, type_id, comfort, kilometers, release_date) values (366, 'CY-160-ZI', 'Toyota', 'Tundra', '5', '5', '2', '4', '35000', '2015-11-05');
insert into car (id, registration_number, mark, name_model, nb_places, nb_doors, type_id, comfort, kilometers, release_date) values (367, 'ME-637-JR', 'Saab', '9000', '5', '5', '2', '4', '35000', '2012-12-10');
insert into car (id, registration_number, mark, name_model, nb_places, nb_doors, type_id, comfort, kilometers, release_date) values (368, 'PN-976-XS', 'Subaru', 'Leone', '5', '5', '2', '4', '35000', '2015-03-17');
insert into car (id, registration_number, mark, name_model, nb_places, nb_doors, type_id, comfort, kilometers, release_date) values (369, 'NG-554-VM', 'Jeep', 'Wrangler', '5', '5', '2', '4', '35000', '2014-05-28');
insert into car (id, registration_number, mark, name_model, nb_places, nb_doors, type_id, comfort, kilometers, release_date) values (370, 'DE-731-KQ', 'Subaru', 'Legacy', '5', '5', '2', '4', '35000', '2014-11-08');
insert into car (id, registration_number, mark, name_model, nb_places, nb_doors, type_id, comfort, kilometers, release_date) values (371, 'PS-979-CV', 'BMW', '530', '5', '5', '2', '4', '35000', '2013-04-05');
insert into car (id, registration_number, mark, name_model, nb_places, nb_doors, type_id, comfort, kilometers, release_date) values (372, 'ID-864-VN', 'Chevrolet', 'Malibu', '5', '5', '2', '4', '35000', '2017-08-26');
insert into car (id, registration_number, mark, name_model, nb_places, nb_doors, type_id, comfort, kilometers, release_date) values (373, 'GF-307-EO', 'Suzuki', 'Cultus', '5', '5', '2', '4', '35000', '2015-11-01');
insert into car (id, registration_number, mark, name_model, nb_places, nb_doors, type_id, comfort, kilometers, release_date) values (374, 'FI-439-WT', 'Kia', 'Sorento', '5', '5', '2', '4', '35000', '2012-06-15');
insert into car (id, registration_number, mark, name_model, nb_places, nb_doors, type_id, comfort, kilometers, release_date) values (375, 'KO-009-SP', 'Toyota', 'Highlander', '5', '5', '2', '4', '35000', '2017-06-05');
insert into car (id, registration_number, mark, name_model, nb_places, nb_doors, type_id, comfort, kilometers, release_date) values (376, 'FN-703-SE', 'Honda', 'CR-X', '5', '5', '2', '4', '35000', '2016-01-12');
insert into car (id, registration_number, mark, name_model, nb_places, nb_doors, type_id, comfort, kilometers, release_date) values (377, 'NY-465-VZ', 'GMC', 'Suburban 2500', '5', '5', '2', '4', '35000', '2016-02-01');
insert into car (id, registration_number, mark, name_model, nb_places, nb_doors, type_id, comfort, kilometers, release_date) values (378, 'UA-994-VB', 'Lotus', 'Esprit', '5', '5', '2', '4', '35000', '2015-08-11');
insert into car (id, registration_number, mark, name_model, nb_places, nb_doors, type_id, comfort, kilometers, release_date) values (379, 'EF-930-HS', 'Volkswagen', 'Golf', '5', '5', '2', '4', '35000', '2012-11-13');
insert into car (id, registration_number, mark, name_model, nb_places, nb_doors, type_id, comfort, kilometers, release_date) values (380, 'EN-305-BG', 'Hyundai', 'Elantra', '5', '5', '2', '4', '35000', '2015-09-18');
insert into car (id, registration_number, mark, name_model, nb_places, nb_doors, type_id, comfort, kilometers, release_date) values (381, 'QY-974-VB', 'Acura', 'Integra', '5', '5', '2', '4', '35000', '2014-04-18');
insert into car (id, registration_number, mark, name_model, nb_places, nb_doors, type_id, comfort, kilometers, release_date) values (382, 'MW-886-DZ', 'Chevrolet', 'TrailBlazer', '5', '5', '2', '4', '35000', '2013-10-24');
insert into car (id, registration_number, mark, name_model, nb_places, nb_doors, type_id, comfort, kilometers, release_date) values (383, 'UT-840-EU', 'Geo', 'Metro', '5', '5', '2', '4', '35000', '2017-02-20');
insert into car (id, registration_number, mark, name_model, nb_places, nb_doors, type_id, comfort, kilometers, release_date) values (384, 'VP-609-QX', 'Ford', 'Country', '5', '5', '2', '4', '35000', '2017-03-14');
insert into car (id, registration_number, mark, name_model, nb_places, nb_doors, type_id, comfort, kilometers, release_date) values (385, 'QH-875-CH', 'Jaguar', 'XK Series', '5', '5', '2', '4', '35000', '2016-03-28');
insert into car (id, registration_number, mark, name_model, nb_places, nb_doors, type_id, comfort, kilometers, release_date) values (386, 'OY-871-JG', 'Saab', '9-5', '5', '5', '2', '4', '35000', '2012-11-02');
insert into car (id, registration_number, mark, name_model, nb_places, nb_doors, type_id, comfort, kilometers, release_date) values (387, 'EV-223-UR', 'Lamborghini', 'Gallardo', '5', '5', '2', '4', '35000', '2012-04-04');
insert into car (id, registration_number, mark, name_model, nb_places, nb_doors, type_id, comfort, kilometers, release_date) values (388, 'NP-629-JV', 'Dodge', 'Stealth', '5', '5', '2', '4', '35000', '2013-08-03');
insert into car (id, registration_number, mark, name_model, nb_places, nb_doors, type_id, comfort, kilometers, release_date) values (389, 'ZG-891-RT', 'Nissan', '350Z', '5', '5', '2', '4', '35000', '2017-11-05');
insert into car (id, registration_number, mark, name_model, nb_places, nb_doors, type_id, comfort, kilometers, release_date) values (390, 'ZD-156-DH', 'Mercedes-Benz', 'S-Class', '5', '5', '2', '4', '35000', '2014-07-19');
insert into car (id, registration_number, mark, name_model, nb_places, nb_doors, type_id, comfort, kilometers, release_date) values (391, 'HJ-112-IU', 'GMC', 'Sierra 1500', '5', '5', '2', '4', '35000', '2015-02-09');
insert into car (id, registration_number, mark, name_model, nb_places, nb_doors, type_id, comfort, kilometers, release_date) values (392, 'RU-094-UM', 'Pontiac', 'Montana', '5', '5', '2', '4', '35000', '2012-06-02');
insert into car (id, registration_number, mark, name_model, nb_places, nb_doors, type_id, comfort, kilometers, release_date) values (393, 'ST-563-MD', 'Saab', '9-3', '5', '5', '2', '4', '35000', '2015-01-30');
insert into car (id, registration_number, mark, name_model, nb_places, nb_doors, type_id, comfort, kilometers, release_date) values (394, 'IB-526-KJ', 'Subaru', 'Alcyone SVX', '5', '5', '2', '4', '35000', '2016-12-26');
insert into car (id, registration_number, mark, name_model, nb_places, nb_doors, type_id, comfort, kilometers, release_date) values (395, 'CD-918-GS', 'Ford', 'EXP', '5', '5', '2', '4', '35000', '2012-12-10');
insert into car (id, registration_number, mark, name_model, nb_places, nb_doors, type_id, comfort, kilometers, release_date) values (396, 'TU-154-AN', 'Lexus', 'IS', '5', '5', '2', '4', '35000', '2015-12-17');
insert into car (id, registration_number, mark, name_model, nb_places, nb_doors, type_id, comfort, kilometers, release_date) values (397, 'DL-193-AZ', 'Ford', 'Explorer Sport Trac', '5', '5', '2', '4', '35000', '2017-01-23');
insert into car (id, registration_number, mark, name_model, nb_places, nb_doors, type_id, comfort, kilometers, release_date) values (398, 'SN-190-LG', 'Infiniti', 'Q', '5', '5', '2', '4', '35000', '2016-08-27');
insert into car (id, registration_number, mark, name_model, nb_places, nb_doors, type_id, comfort, kilometers, release_date) values (399, 'LH-314-IF', 'Mercury', 'Sable', '5', '5', '2', '4', '35000', '2015-03-10');
insert into car (id, registration_number, mark, name_model, nb_places, nb_doors, type_id, comfort, kilometers, release_date) values (400, 'HW-324-MO', 'Ford', 'Mustang', '5', '5', '2', '4', '35000', '2013-08-12');
insert into car (id, registration_number, mark, name_model, nb_places, nb_doors, type_id, comfort, kilometers, release_date) values (401, 'ZE-504-SJ', 'Isuzu', 'Space', '5', '5', '2', '4', '35000', '2013-12-02');
insert into car (id, registration_number, mark, name_model, nb_places, nb_doors, type_id, comfort, kilometers, release_date) values (402, 'WS-954-QX', 'Cadillac', 'DeVille', '5', '5', '2', '4', '35000', '2016-12-09');
insert into car (id, registration_number, mark, name_model, nb_places, nb_doors, type_id, comfort, kilometers, release_date) values (403, 'ZT-791-NH', 'Lincoln', 'MKX', '5', '5', '2', '4', '35000', '2015-04-13');
insert into car (id, registration_number, mark, name_model, nb_places, nb_doors, type_id, comfort, kilometers, release_date) values (404, 'QP-322-VM', 'Buick', 'Electra', '5', '5', '2', '4', '35000', '2012-06-04');
insert into car (id, registration_number, mark, name_model, nb_places, nb_doors, type_id, comfort, kilometers, release_date) values (405, 'JH-871-FI', 'Mercury', 'Sable', '5', '5', '2', '4', '35000', '2015-10-06');
insert into car (id, registration_number, mark, name_model, nb_places, nb_doors, type_id, comfort, kilometers, release_date) values (406, 'NX-752-LJ', 'Ford', 'Contour', '5', '5', '2', '4', '35000', '2012-07-23');
insert into car (id, registration_number, mark, name_model, nb_places, nb_doors, type_id, comfort, kilometers, release_date) values (407, 'EF-646-ZE', 'Dodge', 'Colt', '5', '5', '2', '4', '35000', '2013-10-25');
insert into car (id, registration_number, mark, name_model, nb_places, nb_doors, type_id, comfort, kilometers, release_date) values (408, 'UE-946-DK', 'Suzuki', 'Equator', '5', '5', '2', '4', '35000', '2013-09-07');
insert into car (id, registration_number, mark, name_model, nb_places, nb_doors, type_id, comfort, kilometers, release_date) values (409, 'MV-172-FG', 'Mitsubishi', 'Challenger', '5', '5', '2', '4', '35000', '2017-02-10');
insert into car (id, registration_number, mark, name_model, nb_places, nb_doors, type_id, comfort, kilometers, release_date) values (410, 'WB-176-GR', 'Hyundai', 'Scoupe', '5', '5', '2', '4', '35000', '2012-12-26');
insert into car (id, registration_number, mark, name_model, nb_places, nb_doors, type_id, comfort, kilometers, release_date) values (411, 'CN-993-RL', 'Mitsubishi', 'Pajero', '5', '5', '2', '4', '35000', '2017-06-04');
insert into car (id, registration_number, mark, name_model, nb_places, nb_doors, type_id, comfort, kilometers, release_date) values (412, 'QG-794-DR', 'Dodge', 'Ram', '5', '5', '2', '4', '35000', '2017-04-10');
insert into car (id, registration_number, mark, name_model, nb_places, nb_doors, type_id, comfort, kilometers, release_date) values (413, 'RM-647-VI', 'BMW', 'X5 M', '5', '5', '2', '4', '35000', '2018-01-28');
insert into car (id, registration_number, mark, name_model, nb_places, nb_doors, type_id, comfort, kilometers, release_date) values (414, 'ZF-984-SG', 'Nissan', '240SX', '5', '5', '2', '4', '35000', '2015-05-26');
insert into car (id, registration_number, mark, name_model, nb_places, nb_doors, type_id, comfort, kilometers, release_date) values (415, 'HN-521-KN', 'Lexus', 'LS', '5', '5', '2', '4', '35000', '2013-09-05');
insert into car (id, registration_number, mark, name_model, nb_places, nb_doors, type_id, comfort, kilometers, release_date) values (416, 'KJ-849-RW', 'Mitsubishi', 'Galant', '5', '5', '2', '4', '35000', '2013-05-01');
insert into car (id, registration_number, mark, name_model, nb_places, nb_doors, type_id, comfort, kilometers, release_date) values (417, 'VF-368-PY', 'Pontiac', 'Bonneville', '5', '5', '2', '4', '35000', '2015-08-23');
insert into car (id, registration_number, mark, name_model, nb_places, nb_doors, type_id, comfort, kilometers, release_date) values (418, 'TY-690-LM', 'Ford', 'Probe', '5', '5', '2', '4', '35000', '2013-05-01');
insert into car (id, registration_number, mark, name_model, nb_places, nb_doors, type_id, comfort, kilometers, release_date) values (419, 'AV-779-TJ', 'Pontiac', 'Grand Prix', '5', '5', '2', '4', '35000', '2017-03-31');
insert into car (id, registration_number, mark, name_model, nb_places, nb_doors, type_id, comfort, kilometers, release_date) values (420, 'MS-478-GY', 'Mercedes-Benz', 'C-Class', '5', '5', '2', '4', '35000', '2014-12-13');
insert into car (id, registration_number, mark, name_model, nb_places, nb_doors, type_id, comfort, kilometers, release_date) values (421, 'BG-722-XM', 'Chevrolet', 'Monte Carlo', '5', '5', '2', '4', '35000', '2013-08-12');
insert into car (id, registration_number, mark, name_model, nb_places, nb_doors, type_id, comfort, kilometers, release_date) values (422, 'XN-181-YJ', 'Pontiac', 'Firebird', '5', '5', '2', '4', '35000', '2016-07-18');
insert into car (id, registration_number, mark, name_model, nb_places, nb_doors, type_id, comfort, kilometers, release_date) values (423, 'TM-023-AE', 'GMC', 'Rally Wagon 3500', '5', '5', '2', '4', '35000', '2016-03-21');
insert into car (id, registration_number, mark, name_model, nb_places, nb_doors, type_id, comfort, kilometers, release_date) values (424, 'YZ-961-AU', 'Nissan', 'Sentra', '5', '5', '2', '4', '35000', '2017-12-13');
insert into car (id, registration_number, mark, name_model, nb_places, nb_doors, type_id, comfort, kilometers, release_date) values (425, 'IT-416-GF', 'Suzuki', 'Daewoo Magnus', '5', '5', '2', '4', '35000', '2017-12-01');
insert into car (id, registration_number, mark, name_model, nb_places, nb_doors, type_id, comfort, kilometers, release_date) values (426, 'NP-751-RO', 'Nissan', 'Quest', '5', '5', '2', '4', '35000', '2017-02-02');
insert into car (id, registration_number, mark, name_model, nb_places, nb_doors, type_id, comfort, kilometers, release_date) values (427, 'VP-849-DU', 'Mercury', 'Cougar', '5', '5', '2', '4', '35000', '2014-08-09');
insert into car (id, registration_number, mark, name_model, nb_places, nb_doors, type_id, comfort, kilometers, release_date) values (428, 'WI-277-JL', 'Toyota', 'Tacoma', '5', '5', '2', '4', '35000', '2012-11-24');
insert into car (id, registration_number, mark, name_model, nb_places, nb_doors, type_id, comfort, kilometers, release_date) values (429, 'LZ-964-WP', 'Volkswagen', 'Golf', '5', '5', '2', '4', '35000', '2015-04-26');
insert into car (id, registration_number, mark, name_model, nb_places, nb_doors, type_id, comfort, kilometers, release_date) values (430, 'ZU-593-PR', 'Honda', 'Odyssey', '5', '5', '2', '4', '35000', '2014-12-04');
insert into car (id, registration_number, mark, name_model, nb_places, nb_doors, type_id, comfort, kilometers, release_date) values (431, 'NL-147-UO', 'Lexus', 'GS', '5', '5', '2', '4', '35000', '2016-04-09');
insert into car (id, registration_number, mark, name_model, nb_places, nb_doors, type_id, comfort, kilometers, release_date) values (432, 'NE-443-SE', 'Pontiac', 'Grand Prix', '5', '5', '2', '4', '35000', '2015-10-14');
insert into car (id, registration_number, mark, name_model, nb_places, nb_doors, type_id, comfort, kilometers, release_date) values (433, 'XS-191-VC', 'Honda', 'Odyssey', '5', '5', '2', '4', '35000', '2014-05-05');
insert into car (id, registration_number, mark, name_model, nb_places, nb_doors, type_id, comfort, kilometers, release_date) values (434, 'AT-604-WT', 'Audi', 'Allroad', '5', '5', '2', '4', '35000', '2016-10-20');
insert into car (id, registration_number, mark, name_model, nb_places, nb_doors, type_id, comfort, kilometers, release_date) values (435, 'EB-951-AQ', 'Lexus', 'ES', '5', '5', '2', '4', '35000', '2015-10-01');
insert into car (id, registration_number, mark, name_model, nb_places, nb_doors, type_id, comfort, kilometers, release_date) values (436, 'HE-581-JM', 'Mazda', 'Miata MX-5', '5', '5', '2', '4', '35000', '2015-07-15');
insert into car (id, registration_number, mark, name_model, nb_places, nb_doors, type_id, comfort, kilometers, release_date) values (437, 'MV-289-MJ', 'Mercedes-Benz', 'SLK-Class', '5', '5', '2', '4', '35000', '2016-12-06');
insert into car (id, registration_number, mark, name_model, nb_places, nb_doors, type_id, comfort, kilometers, release_date) values (438, 'BR-100-HF', 'Toyota', '4Runner', '5', '5', '2', '4', '35000', '2013-04-30');
insert into car (id, registration_number, mark, name_model, nb_places, nb_doors, type_id, comfort, kilometers, release_date) values (439, 'RB-386-MR', 'Chrysler', 'Aspen', '5', '5', '2', '4', '35000', '2018-01-23');
insert into car (id, registration_number, mark, name_model, nb_places, nb_doors, type_id, comfort, kilometers, release_date) values (440, 'HY-127-SL', 'Saturn', 'Ion', '5', '5', '2', '4', '35000', '2017-01-18');
insert into car (id, registration_number, mark, name_model, nb_places, nb_doors, type_id, comfort, kilometers, release_date) values (441, 'HU-976-VC', 'Plymouth', 'Laser', '5', '5', '2', '4', '35000', '2012-09-16');
insert into car (id, registration_number, mark, name_model, nb_places, nb_doors, type_id, comfort, kilometers, release_date) values (442, 'QF-795-NW', 'Scion', 'xB', '5', '5', '2', '4', '35000', '2016-09-04');
insert into car (id, registration_number, mark, name_model, nb_places, nb_doors, type_id, comfort, kilometers, release_date) values (443, 'PH-014-FZ', 'Volvo', '240', '5', '5', '2', '4', '35000', '2014-02-24');
insert into car (id, registration_number, mark, name_model, nb_places, nb_doors, type_id, comfort, kilometers, release_date) values (444, 'VB-440-WB', 'Jaguar', 'XJ', '5', '5', '2', '4', '35000', '2017-06-12');
insert into car (id, registration_number, mark, name_model, nb_places, nb_doors, type_id, comfort, kilometers, release_date) values (445, 'EY-257-BP', 'Subaru', 'Alcyone SVX', '5', '5', '2', '4', '35000', '2013-07-12');
insert into car (id, registration_number, mark, name_model, nb_places, nb_doors, type_id, comfort, kilometers, release_date) values (446, 'QH-889-OY', 'Mercedes-Benz', 'G-Class', '5', '5', '2', '4', '35000', '2014-11-01');
insert into car (id, registration_number, mark, name_model, nb_places, nb_doors, type_id, comfort, kilometers, release_date) values (447, 'YO-157-GZ', 'Acura', 'TL', '5', '5', '2', '4', '35000', '2015-09-30');
insert into car (id, registration_number, mark, name_model, nb_places, nb_doors, type_id, comfort, kilometers, release_date) values (448, 'OQ-809-SI', 'Pontiac', 'Grand Prix', '5', '5', '2', '4', '35000', '2012-10-16');
insert into car (id, registration_number, mark, name_model, nb_places, nb_doors, type_id, comfort, kilometers, release_date) values (449, 'GJ-824-AQ', 'Ford', 'Fusion', '5', '5', '2', '4', '35000', '2017-09-12');
insert into car (id, registration_number, mark, name_model, nb_places, nb_doors, type_id, comfort, kilometers, release_date) values (450, 'EG-183-ET', 'Hyundai', 'Tiburon', '5', '5', '2', '4', '35000', '2012-04-10');
insert into car (id, registration_number, mark, name_model, nb_places, nb_doors, type_id, comfort, kilometers, release_date) values (451, 'GT-104-MV', 'Hyundai', 'Accent', '5', '5', '2', '4', '35000', '2016-07-22');
insert into car (id, registration_number, mark, name_model, nb_places, nb_doors, type_id, comfort, kilometers, release_date) values (452, 'OE-343-IM', 'Chevrolet', 'Tahoe', '5', '5', '2', '4', '35000', '2016-01-17');
insert into car (id, registration_number, mark, name_model, nb_places, nb_doors, type_id, comfort, kilometers, release_date) values (453, 'AT-002-DW', 'Saab', '9-3', '5', '5', '2', '4', '35000', '2014-11-01');
insert into car (id, registration_number, mark, name_model, nb_places, nb_doors, type_id, comfort, kilometers, release_date) values (454, 'DZ-411-UN', 'Mazda', 'MPV', '5', '5', '2', '4', '35000', '2017-07-09');
insert into car (id, registration_number, mark, name_model, nb_places, nb_doors, type_id, comfort, kilometers, release_date) values (455, 'NJ-514-YR', 'Mercedes-Benz', 'CLS-Class', '5', '5', '2', '4', '35000', '2016-01-22');
insert into car (id, registration_number, mark, name_model, nb_places, nb_doors, type_id, comfort, kilometers, release_date) values (456, 'FZ-057-TI', 'Mercury', 'Grand Marquis', '5', '5', '2', '4', '35000', '2018-02-17');
insert into car (id, registration_number, mark, name_model, nb_places, nb_doors, type_id, comfort, kilometers, release_date) values (457, 'MS-430-DM', 'Chrysler', 'Pacifica', '5', '5', '2', '4', '35000', '2015-04-09');
insert into car (id, registration_number, mark, name_model, nb_places, nb_doors, type_id, comfort, kilometers, release_date) values (458, 'MY-131-XG', 'GMC', '1500 Club Coupe', '5', '5', '2', '4', '35000', '2013-07-23');
insert into car (id, registration_number, mark, name_model, nb_places, nb_doors, type_id, comfort, kilometers, release_date) values (459, 'MB-906-MC', 'Land Rover', 'Freelander', '5', '5', '2', '4', '35000', '2015-07-24');
insert into car (id, registration_number, mark, name_model, nb_places, nb_doors, type_id, comfort, kilometers, release_date) values (460, 'CQ-811-MN', 'Suzuki', 'Swift', '5', '5', '2', '4', '35000', '2017-12-26');
insert into car (id, registration_number, mark, name_model, nb_places, nb_doors, type_id, comfort, kilometers, release_date) values (461, 'EQ-258-GE', 'Aston Martin', 'DB9', '5', '5', '2', '4', '35000', '2016-01-11');
insert into car (id, registration_number, mark, name_model, nb_places, nb_doors, type_id, comfort, kilometers, release_date) values (462, 'FY-435-EK', 'Infiniti', 'M', '5', '5', '2', '4', '35000', '2017-07-21');
insert into car (id, registration_number, mark, name_model, nb_places, nb_doors, type_id, comfort, kilometers, release_date) values (463, 'KL-697-PR', 'Nissan', 'Altima', '5', '5', '2', '4', '35000', '2016-10-19');
insert into car (id, registration_number, mark, name_model, nb_places, nb_doors, type_id, comfort, kilometers, release_date) values (464, 'JC-314-UH', 'Chevrolet', 'Express 2500', '5', '5', '2', '4', '35000', '2016-10-26');
insert into car (id, registration_number, mark, name_model, nb_places, nb_doors, type_id, comfort, kilometers, release_date) values (465, 'TW-743-WH', 'Jeep', 'Grand Cherokee', '5', '5', '2', '4', '35000', '2015-06-30');
insert into car (id, registration_number, mark, name_model, nb_places, nb_doors, type_id, comfort, kilometers, release_date) values (466, 'MI-063-KJ', 'Mercedes-Benz', 'E-Class', '5', '5', '2', '4', '35000', '2015-05-14');
insert into car (id, registration_number, mark, name_model, nb_places, nb_doors, type_id, comfort, kilometers, release_date) values (467, 'PV-852-VN', 'Aston Martin', 'V8 Vantage', '5', '5', '2', '4', '35000', '2013-07-27');
insert into car (id, registration_number, mark, name_model, nb_places, nb_doors, type_id, comfort, kilometers, release_date) values (468, 'PX-037-NH', 'Eagle', 'Talon', '5', '5', '2', '4', '35000', '2015-07-23');
insert into car (id, registration_number, mark, name_model, nb_places, nb_doors, type_id, comfort, kilometers, release_date) values (469, 'LC-585-RG', 'Porsche', 'Cayenne', '5', '5', '2', '4', '35000', '2014-05-23');
insert into car (id, registration_number, mark, name_model, nb_places, nb_doors, type_id, comfort, kilometers, release_date) values (470, 'KD-494-VJ', 'Subaru', 'SVX', '5', '5', '2', '4', '35000', '2016-06-07');
insert into car (id, registration_number, mark, name_model, nb_places, nb_doors, type_id, comfort, kilometers, release_date) values (471, 'KN-031-JA', 'Hyundai', 'Santa Fe', '5', '5', '2', '4', '35000', '2013-05-01');
insert into car (id, registration_number, mark, name_model, nb_places, nb_doors, type_id, comfort, kilometers, release_date) values (472, 'DY-638-YS', 'Ford', 'Explorer Sport', '5', '5', '2', '4', '35000', '2015-07-04');
insert into car (id, registration_number, mark, name_model, nb_places, nb_doors, type_id, comfort, kilometers, release_date) values (473, 'DH-158-DS', 'Pontiac', 'Aztek', '5', '5', '2', '4', '35000', '2012-11-29');
insert into car (id, registration_number, mark, name_model, nb_places, nb_doors, type_id, comfort, kilometers, release_date) values (474, 'RI-617-EU', 'Suzuki', 'Equator', '5', '5', '2', '4', '35000', '2016-01-18');
insert into car (id, registration_number, mark, name_model, nb_places, nb_doors, type_id, comfort, kilometers, release_date) values (475, 'YK-769-VP', 'Toyota', 'Tacoma', '5', '5', '2', '4', '35000', '2015-08-16');
insert into car (id, registration_number, mark, name_model, nb_places, nb_doors, type_id, comfort, kilometers, release_date) values (476, 'MA-251-TZ', 'Pontiac', 'Firebird', '5', '5', '2', '4', '35000', '2013-12-05');
insert into car (id, registration_number, mark, name_model, nb_places, nb_doors, type_id, comfort, kilometers, release_date) values (477, 'RY-394-GJ', 'Lexus', 'LS', '5', '5', '2', '4', '35000', '2012-12-27');
insert into car (id, registration_number, mark, name_model, nb_places, nb_doors, type_id, comfort, kilometers, release_date) values (478, 'TN-155-LS', 'Toyota', 'Celica', '5', '5', '2', '4', '35000', '2014-02-23');
insert into car (id, registration_number, mark, name_model, nb_places, nb_doors, type_id, comfort, kilometers, release_date) values (479, 'LM-706-EC', 'Mazda', 'MX-5', '5', '5', '2', '4', '35000', '2016-11-26');
insert into car (id, registration_number, mark, name_model, nb_places, nb_doors, type_id, comfort, kilometers, release_date) values (480, 'GR-958-LN', 'Isuzu', 'Amigo', '5', '5', '2', '4', '35000', '2013-08-30');
insert into car (id, registration_number, mark, name_model, nb_places, nb_doors, type_id, comfort, kilometers, release_date) values (481, 'GL-547-SI', 'Kia', 'Rondo', '5', '5', '2', '4', '35000', '2015-06-09');
insert into car (id, registration_number, mark, name_model, nb_places, nb_doors, type_id, comfort, kilometers, release_date) values (482, 'TO-766-PK', 'Lexus', 'LS', '5', '5', '2', '4', '35000', '2015-06-08');
insert into car (id, registration_number, mark, name_model, nb_places, nb_doors, type_id, comfort, kilometers, release_date) values (483, 'EN-664-EM', 'Nissan', 'Maxima', '5', '5', '2', '4', '35000', '2018-01-05');
insert into car (id, registration_number, mark, name_model, nb_places, nb_doors, type_id, comfort, kilometers, release_date) values (484, 'TQ-455-EC', 'Lotus', 'Elise', '5', '5', '2', '4', '35000', '2017-12-08');
insert into car (id, registration_number, mark, name_model, nb_places, nb_doors, type_id, comfort, kilometers, release_date) values (485, 'CU-151-TB', 'Maybach', '57', '5', '5', '2', '4', '35000', '2015-10-23');
insert into car (id, registration_number, mark, name_model, nb_places, nb_doors, type_id, comfort, kilometers, release_date) values (486, 'NG-224-MY', 'Spyker', 'C8 Laviolette', '5', '5', '2', '4', '35000', '2018-03-14');
insert into car (id, registration_number, mark, name_model, nb_places, nb_doors, type_id, comfort, kilometers, release_date) values (487, 'PY-579-VC', 'Chrysler', 'Voyager', '5', '5', '2', '4', '35000', '2018-01-19');
insert into car (id, registration_number, mark, name_model, nb_places, nb_doors, type_id, comfort, kilometers, release_date) values (488, 'GA-055-CM', 'Honda', 'Odyssey', '5', '5', '2', '4', '35000', '2015-02-24');
insert into car (id, registration_number, mark, name_model, nb_places, nb_doors, type_id, comfort, kilometers, release_date) values (489, 'WV-531-LO', 'GMC', '3500', '5', '5', '2', '4', '35000', '2012-03-17');
insert into car (id, registration_number, mark, name_model, nb_places, nb_doors, type_id, comfort, kilometers, release_date) values (490, 'TZ-314-BA', 'Subaru', 'Brat', '5', '5', '2', '4', '35000', '2016-02-25');
insert into car (id, registration_number, mark, name_model, nb_places, nb_doors, type_id, comfort, kilometers, release_date) values (491, 'LU-155-HG', 'Mitsubishi', 'Galant', '5', '5', '2', '4', '35000', '2015-01-11');
insert into car (id, registration_number, mark, name_model, nb_places, nb_doors, type_id, comfort, kilometers, release_date) values (492, 'QU-374-IX', 'Honda', 'Passport', '5', '5', '2', '4', '35000', '2013-09-28');
insert into car (id, registration_number, mark, name_model, nb_places, nb_doors, type_id, comfort, kilometers, release_date) values (493, 'JO-858-WH', 'Nissan', 'Sentra', '5', '5', '2', '4', '35000', '2012-11-15');
insert into car (id, registration_number, mark, name_model, nb_places, nb_doors, type_id, comfort, kilometers, release_date) values (494, 'CS-130-SG', 'Volkswagen', 'Jetta', '5', '5', '2', '4', '35000', '2016-04-25');
insert into car (id, registration_number, mark, name_model, nb_places, nb_doors, type_id, comfort, kilometers, release_date) values (495, 'PI-091-DG', 'Lexus', 'SC', '5', '5', '2', '4', '35000', '2015-10-16');
insert into car (id, registration_number, mark, name_model, nb_places, nb_doors, type_id, comfort, kilometers, release_date) values (496, 'FL-735-MP', 'Nissan', 'Sentra', '5', '5', '2', '4', '35000', '2017-08-23');
insert into car (id, registration_number, mark, name_model, nb_places, nb_doors, type_id, comfort, kilometers, release_date) values (497, 'YN-534-KL', 'Nissan', 'Armada', '5', '5', '2', '4', '35000', '2012-03-28');
insert into car (id, registration_number, mark, name_model, nb_places, nb_doors, type_id, comfort, kilometers, release_date) values (498, 'IB-619-TH', 'Aston Martin', 'DBS', '5', '5', '2', '4', '35000', '2015-06-20');
insert into car (id, registration_number, mark, name_model, nb_places, nb_doors, type_id, comfort, kilometers, release_date) values (499, 'XT-612-WG', 'Hummer', 'H3', '5', '5', '2', '4', '35000', '2015-12-22');
insert into car (id, registration_number, mark, name_model, nb_places, nb_doors, type_id, comfort, kilometers, release_date) values (500, 'LI-260-TH', 'Mercury', 'Tracer', '5', '5', '2', '4', '35000', '2014-06-12');
insert into car (id, registration_number, mark, name_model, nb_places, nb_doors, type_id, comfort, kilometers, release_date) values (501, 'YH-213-SD', 'Ford', 'Taurus', '5', '5', '2', '4', '35000', '2017-10-03');
insert into car (id, registration_number, mark, name_model, nb_places, nb_doors, type_id, comfort, kilometers, release_date) values (502, 'YC-412-ZX', 'Saab', '9000', '5', '5', '2', '4', '35000', '2012-08-18');
insert into car (id, registration_number, mark, name_model, nb_places, nb_doors, type_id, comfort, kilometers, release_date) values (503, 'GR-750-WN', 'Chevrolet', 'Silverado', '5', '5', '2', '4', '35000', '2013-02-08');
insert into car (id, registration_number, mark, name_model, nb_places, nb_doors, type_id, comfort, kilometers, release_date) values (504, 'OD-377-VL', 'GMC', 'Safari', '5', '5', '2', '4', '35000', '2015-10-12');
insert into car (id, registration_number, mark, name_model, nb_places, nb_doors, type_id, comfort, kilometers, release_date) values (505, 'NJ-473-FD', 'Lexus', 'GX', '5', '5', '2', '4', '35000', '2013-02-19');
insert into car (id, registration_number, mark, name_model, nb_places, nb_doors, type_id, comfort, kilometers, release_date) values (506, 'JR-413-EV', 'Toyota', 'FJ Cruiser', '5', '5', '2', '4', '35000', '2014-01-30');
insert into car (id, registration_number, mark, name_model, nb_places, nb_doors, type_id, comfort, kilometers, release_date) values (507, 'US-655-MI', 'Toyota', 'Avalon', '5', '5', '2', '4', '35000', '2016-10-05');
insert into car (id, registration_number, mark, name_model, nb_places, nb_doors, type_id, comfort, kilometers, release_date) values (508, 'QU-486-CU', 'Toyota', 'Echo', '5', '5', '2', '4', '35000', '2012-03-29');
insert into car (id, registration_number, mark, name_model, nb_places, nb_doors, type_id, comfort, kilometers, release_date) values (509, 'XD-193-GP', 'Ferrari', 'F430', '5', '5', '2', '4', '35000', '2014-02-08');
insert into car (id, registration_number, mark, name_model, nb_places, nb_doors, type_id, comfort, kilometers, release_date) values (510, 'UV-169-VG', 'Saturn', 'VUE', '5', '5', '2', '4', '35000', '2014-05-31');
insert into car (id, registration_number, mark, name_model, nb_places, nb_doors, type_id, comfort, kilometers, release_date) values (511, 'MS-535-OJ', 'Audi', 'A6', '5', '5', '2', '4', '35000', '2015-05-04');
insert into car (id, registration_number, mark, name_model, nb_places, nb_doors, type_id, comfort, kilometers, release_date) values (512, 'VY-084-ZO', 'Nissan', 'Altima', '5', '5', '2', '4', '35000', '2015-02-13');
insert into car (id, registration_number, mark, name_model, nb_places, nb_doors, type_id, comfort, kilometers, release_date) values (513, 'NW-892-UR', 'Oldsmobile', 'Cutlass Supreme', '5', '5', '2', '4', '35000', '2017-12-26');
insert into car (id, registration_number, mark, name_model, nb_places, nb_doors, type_id, comfort, kilometers, release_date) values (514, 'XW-284-VZ', 'Lincoln', 'Continental Mark VII', '5', '5', '2', '4', '35000', '2013-03-29');
insert into car (id, registration_number, mark, name_model, nb_places, nb_doors, type_id, comfort, kilometers, release_date) values (515, 'WX-435-GS', 'Pontiac', 'Grand Prix', '5', '5', '2', '4', '35000', '2014-02-05');
insert into car (id, registration_number, mark, name_model, nb_places, nb_doors, type_id, comfort, kilometers, release_date) values (516, 'FL-265-PT', 'Honda', 'Fit', '5', '5', '2', '4', '35000', '2016-07-11');
insert into car (id, registration_number, mark, name_model, nb_places, nb_doors, type_id, comfort, kilometers, release_date) values (517, 'BG-691-FK', 'GMC', 'Envoy', '5', '5', '2', '4', '35000', '2013-10-27');
insert into car (id, registration_number, mark, name_model, nb_places, nb_doors, type_id, comfort, kilometers, release_date) values (518, 'OP-469-AW', 'Jeep', 'Compass', '5', '5', '2', '4', '35000', '2014-07-08');
insert into car (id, registration_number, mark, name_model, nb_places, nb_doors, type_id, comfort, kilometers, release_date) values (519, 'PX-388-VE', 'Honda', 'Insight', '5', '5', '2', '4', '35000', '2016-10-18');
insert into car (id, registration_number, mark, name_model, nb_places, nb_doors, type_id, comfort, kilometers, release_date) values (520, 'IJ-195-JQ', 'Mitsubishi', 'Tredia', '5', '5', '2', '4', '35000', '2014-04-24');
insert into car (id, registration_number, mark, name_model, nb_places, nb_doors, type_id, comfort, kilometers, release_date) values (521, 'IB-924-TV', 'Ford', 'Edge', '5', '5', '2', '4', '35000', '2017-10-11');
insert into car (id, registration_number, mark, name_model, nb_places, nb_doors, type_id, comfort, kilometers, release_date) values (522, 'EA-600-YM', 'Suzuki', 'Vitara', '5', '5', '2', '4', '35000', '2012-09-14');
insert into car (id, registration_number, mark, name_model, nb_places, nb_doors, type_id, comfort, kilometers, release_date) values (523, 'OL-465-GQ', 'Dodge', 'Ram 3500', '5', '5', '2', '4', '35000', '2013-07-10');
insert into car (id, registration_number, mark, name_model, nb_places, nb_doors, type_id, comfort, kilometers, release_date) values (524, 'IP-001-ZD', 'Maybach', 'Landaulet', '5', '5', '2', '4', '35000', '2013-07-01');
insert into car (id, registration_number, mark, name_model, nb_places, nb_doors, type_id, comfort, kilometers, release_date) values (525, 'FZ-960-JH', 'Lincoln', 'Continental Mark VII', '5', '5', '2', '4', '35000', '2017-10-29');
insert into car (id, registration_number, mark, name_model, nb_places, nb_doors, type_id, comfort, kilometers, release_date) values (526, 'WJ-042-DI', 'Buick', 'Skylark', '5', '5', '2', '4', '35000', '2013-03-22');
insert into car (id, registration_number, mark, name_model, nb_places, nb_doors, type_id, comfort, kilometers, release_date) values (527, 'HC-727-IF', 'GMC', 'Yukon', '5', '5', '2', '4', '35000', '2012-12-31');
insert into car (id, registration_number, mark, name_model, nb_places, nb_doors, type_id, comfort, kilometers, release_date) values (528, 'FS-069-RI', 'GMC', '3500 Club Coupe', '5', '5', '2', '4', '35000', '2012-11-18');
insert into car (id, registration_number, mark, name_model, nb_places, nb_doors, type_id, comfort, kilometers, release_date) values (529, 'GJ-037-QD', 'Ford', 'Thunderbird', '5', '5', '2', '4', '35000', '2016-09-25');
insert into car (id, registration_number, mark, name_model, nb_places, nb_doors, type_id, comfort, kilometers, release_date) values (530, 'OZ-789-EN', 'Subaru', 'Legacy', '5', '5', '2', '4', '35000', '2015-01-03');
insert into car (id, registration_number, mark, name_model, nb_places, nb_doors, type_id, comfort, kilometers, release_date) values (531, 'LR-489-HU', 'Oldsmobile', 'Cutlass Supreme', '5', '5', '2', '4', '35000', '2018-01-18');
insert into car (id, registration_number, mark, name_model, nb_places, nb_doors, type_id, comfort, kilometers, release_date) values (532, 'DV-699-PL', 'Chevrolet', 'Impala SS', '5', '5', '2', '4', '35000', '2015-01-20');
insert into car (id, registration_number, mark, name_model, nb_places, nb_doors, type_id, comfort, kilometers, release_date) values (533, 'ZL-959-GS', 'Oldsmobile', 'Alero', '5', '5', '2', '4', '35000', '2016-02-26');
insert into car (id, registration_number, mark, name_model, nb_places, nb_doors, type_id, comfort, kilometers, release_date) values (534, 'EF-598-PR', 'Buick', 'Rendezvous', '5', '5', '2', '4', '35000', '2016-10-18');
insert into car (id, registration_number, mark, name_model, nb_places, nb_doors, type_id, comfort, kilometers, release_date) values (535, 'GC-061-AE', 'Dodge', 'Challenger', '5', '5', '2', '4', '35000', '2017-03-16');
insert into car (id, registration_number, mark, name_model, nb_places, nb_doors, type_id, comfort, kilometers, release_date) values (536, 'YT-569-XR', 'Kia', 'Sportage', '5', '5', '2', '4', '35000', '2015-03-18');
insert into car (id, registration_number, mark, name_model, nb_places, nb_doors, type_id, comfort, kilometers, release_date) values (537, 'HO-666-NM', 'Mitsubishi', 'Chariot', '5', '5', '2', '4', '35000', '2017-03-08');
insert into car (id, registration_number, mark, name_model, nb_places, nb_doors, type_id, comfort, kilometers, release_date) values (538, 'LE-535-BE', 'Lexus', 'SC', '5', '5', '2', '4', '35000', '2016-09-18');
insert into car (id, registration_number, mark, name_model, nb_places, nb_doors, type_id, comfort, kilometers, release_date) values (539, 'MX-292-CY', 'Nissan', 'Titan', '5', '5', '2', '4', '35000', '2017-04-27');
insert into car (id, registration_number, mark, name_model, nb_places, nb_doors, type_id, comfort, kilometers, release_date) values (540, 'EA-282-CT', 'Lexus', 'SC', '5', '5', '2', '4', '35000', '2012-09-28');
insert into car (id, registration_number, mark, name_model, nb_places, nb_doors, type_id, comfort, kilometers, release_date) values (541, 'BR-599-CW', 'Jaguar', 'XJ Series', '5', '5', '2', '4', '35000', '2015-05-23');
insert into car (id, registration_number, mark, name_model, nb_places, nb_doors, type_id, comfort, kilometers, release_date) values (542, 'OM-596-QJ', 'Ford', 'F150', '5', '5', '2', '4', '35000', '2018-02-15');
insert into car (id, registration_number, mark, name_model, nb_places, nb_doors, type_id, comfort, kilometers, release_date) values (543, 'JM-370-AC', 'Ford', 'Explorer Sport Trac', '5', '5', '2', '4', '35000', '2018-02-05');
insert into car (id, registration_number, mark, name_model, nb_places, nb_doors, type_id, comfort, kilometers, release_date) values (544, 'VY-316-WQ', 'Buick', 'Regal', '5', '5', '2', '4', '35000', '2014-02-15');
insert into car (id, registration_number, mark, name_model, nb_places, nb_doors, type_id, comfort, kilometers, release_date) values (545, 'RP-330-MS', 'Buick', 'Enclave', '5', '5', '2', '4', '35000', '2016-10-30');
insert into car (id, registration_number, mark, name_model, nb_places, nb_doors, type_id, comfort, kilometers, release_date) values (546, 'KX-199-OT', 'Ford', 'Focus', '5', '5', '2', '4', '35000', '2016-11-26');
insert into car (id, registration_number, mark, name_model, nb_places, nb_doors, type_id, comfort, kilometers, release_date) values (547, 'SG-942-KA', 'BMW', '3 Series', '5', '5', '2', '4', '35000', '2017-01-15');
insert into car (id, registration_number, mark, name_model, nb_places, nb_doors, type_id, comfort, kilometers, release_date) values (548, 'DX-182-JE', 'Rolls-Royce', 'Phantom', '5', '5', '2', '4', '35000', '2014-04-04');
insert into car (id, registration_number, mark, name_model, nb_places, nb_doors, type_id, comfort, kilometers, release_date) values (549, 'HG-011-WS', 'Dodge', 'Dakota', '5', '5', '2', '4', '35000', '2014-07-13');
insert into car (id, registration_number, mark, name_model, nb_places, nb_doors, type_id, comfort, kilometers, release_date) values (550, 'UY-211-ZS', 'Chevrolet', 'Suburban 1500', '5', '5', '2', '4', '35000', '2015-07-24');
insert into car (id, registration_number, mark, name_model, nb_places, nb_doors, type_id, comfort, kilometers, release_date) values (551, 'UM-190-IY', 'GMC', 'Canyon', '5', '5', '2', '4', '35000', '2015-12-29');
insert into car (id, registration_number, mark, name_model, nb_places, nb_doors, type_id, comfort, kilometers, release_date) values (552, 'HJ-764-GZ', 'Spyker', 'C8', '5', '5', '2', '4', '35000', '2017-12-03');
insert into car (id, registration_number, mark, name_model, nb_places, nb_doors, type_id, comfort, kilometers, release_date) values (553, 'BY-654-VC', 'BMW', '530', '5', '5', '2', '4', '35000', '2012-09-27');
insert into car (id, registration_number, mark, name_model, nb_places, nb_doors, type_id, comfort, kilometers, release_date) values (554, 'IA-838-AH', 'Audi', 'S5', '5', '5', '2', '4', '35000', '2015-05-21');
insert into car (id, registration_number, mark, name_model, nb_places, nb_doors, type_id, comfort, kilometers, release_date) values (555, 'DA-967-WR', 'Chevrolet', 'Silverado 3500', '5', '5', '2', '4', '35000', '2012-06-04');
insert into car (id, registration_number, mark, name_model, nb_places, nb_doors, type_id, comfort, kilometers, release_date) values (556, 'XY-411-AS', 'Aston Martin', 'DBS', '5', '5', '2', '4', '35000', '2012-04-20');
insert into car (id, registration_number, mark, name_model, nb_places, nb_doors, type_id, comfort, kilometers, release_date) values (557, 'IK-619-TM', 'Mitsubishi', 'Pajero', '5', '5', '2', '4', '35000', '2016-11-16');
insert into car (id, registration_number, mark, name_model, nb_places, nb_doors, type_id, comfort, kilometers, release_date) values (558, 'TD-230-LY', 'Lexus', 'GX', '5', '5', '2', '4', '35000', '2014-11-13');
insert into car (id, registration_number, mark, name_model, nb_places, nb_doors, type_id, comfort, kilometers, release_date) values (559, 'BY-076-BA', 'Maybach', '57', '5', '5', '2', '4', '35000', '2015-01-13');
insert into car (id, registration_number, mark, name_model, nb_places, nb_doors, type_id, comfort, kilometers, release_date) values (560, 'RZ-471-PA', 'Mitsubishi', 'Lancer', '5', '5', '2', '4', '35000', '2013-05-07');
insert into car (id, registration_number, mark, name_model, nb_places, nb_doors, type_id, comfort, kilometers, release_date) values (561, 'MZ-196-TU', 'Mitsubishi', 'Eclipse', '5', '5', '2', '4', '35000', '2017-10-19');
insert into car (id, registration_number, mark, name_model, nb_places, nb_doors, type_id, comfort, kilometers, release_date) values (562, 'QO-238-YZ', 'Audi', 'RS 4', '5', '5', '2', '4', '35000', '2012-08-06');
insert into car (id, registration_number, mark, name_model, nb_places, nb_doors, type_id, comfort, kilometers, release_date) values (563, 'AH-703-PS', 'Mercedes-Benz', 'M-Class', '5', '5', '2', '4', '35000', '2012-04-24');
insert into car (id, registration_number, mark, name_model, nb_places, nb_doors, type_id, comfort, kilometers, release_date) values (564, 'BT-786-EK', 'Nissan', 'Xterra', '5', '5', '2', '4', '35000', '2015-06-11');
insert into car (id, registration_number, mark, name_model, nb_places, nb_doors, type_id, comfort, kilometers, release_date) values (565, 'HD-728-KT', 'Cadillac', 'Escalade ESV', '5', '5', '2', '4', '35000', '2017-12-03');
insert into car (id, registration_number, mark, name_model, nb_places, nb_doors, type_id, comfort, kilometers, release_date) values (566, 'PH-954-FW', 'Acura', 'MDX', '5', '5', '2', '4', '35000', '2013-01-12');
insert into car (id, registration_number, mark, name_model, nb_places, nb_doors, type_id, comfort, kilometers, release_date) values (567, 'MN-714-GU', 'Suzuki', 'Sidekick', '5', '5', '2', '4', '35000', '2012-05-23');
insert into car (id, registration_number, mark, name_model, nb_places, nb_doors, type_id, comfort, kilometers, release_date) values (568, 'HL-358-ZF', 'Mercury', 'Villager', '5', '5', '2', '4', '35000', '2017-01-17');
insert into car (id, registration_number, mark, name_model, nb_places, nb_doors, type_id, comfort, kilometers, release_date) values (569, 'HK-365-YB', 'Suzuki', 'Grand Vitara', '5', '5', '2', '4', '35000', '2014-08-26');
insert into car (id, registration_number, mark, name_model, nb_places, nb_doors, type_id, comfort, kilometers, release_date) values (570, 'EG-735-VQ', 'Saab', '9-3', '5', '5', '2', '4', '35000', '2016-01-03');
insert into car (id, registration_number, mark, name_model, nb_places, nb_doors, type_id, comfort, kilometers, release_date) values (571, 'IK-513-WF', 'Toyota', 'Sienna', '5', '5', '2', '4', '35000', '2015-05-30');
insert into car (id, registration_number, mark, name_model, nb_places, nb_doors, type_id, comfort, kilometers, release_date) values (572, 'KU-274-QE', 'Acura', 'TL', '5', '5', '2', '4', '35000', '2012-06-13');
insert into car (id, registration_number, mark, name_model, nb_places, nb_doors, type_id, comfort, kilometers, release_date) values (573, 'TL-751-UN', 'Toyota', 'Sienna', '5', '5', '2', '4', '35000', '2015-06-11');
insert into car (id, registration_number, mark, name_model, nb_places, nb_doors, type_id, comfort, kilometers, release_date) values (574, 'YF-700-LO', 'Buick', 'Somerset', '5', '5', '2', '4', '35000', '2013-12-25');
insert into car (id, registration_number, mark, name_model, nb_places, nb_doors, type_id, comfort, kilometers, release_date) values (575, 'UQ-533-WT', 'Mitsubishi', 'Montero Sport', '5', '5', '2', '4', '35000', '2015-09-22');
insert into car (id, registration_number, mark, name_model, nb_places, nb_doors, type_id, comfort, kilometers, release_date) values (576, 'JV-245-PG', 'Maserati', 'Biturbo', '5', '5', '2', '4', '35000', '2013-07-15');
insert into car (id, registration_number, mark, name_model, nb_places, nb_doors, type_id, comfort, kilometers, release_date) values (577, 'ZU-502-ST', 'Infiniti', 'QX', '5', '5', '2', '4', '35000', '2017-10-25');
insert into car (id, registration_number, mark, name_model, nb_places, nb_doors, type_id, comfort, kilometers, release_date) values (578, 'SA-076-YK', 'Ford', 'Escape', '5', '5', '2', '4', '35000', '2016-07-21');
insert into car (id, registration_number, mark, name_model, nb_places, nb_doors, type_id, comfort, kilometers, release_date) values (579, 'ON-038-UI', 'Mercury', 'Tracer', '5', '5', '2', '4', '35000', '2016-07-29');
insert into car (id, registration_number, mark, name_model, nb_places, nb_doors, type_id, comfort, kilometers, release_date) values (580, 'XJ-158-UF', 'Jeep', 'Wrangler', '5', '5', '2', '4', '35000', '2015-03-24');
insert into car (id, registration_number, mark, name_model, nb_places, nb_doors, type_id, comfort, kilometers, release_date) values (581, 'NV-104-DH', 'Ford', 'F350', '5', '5', '2', '4', '35000', '2018-01-30');
insert into car (id, registration_number, mark, name_model, nb_places, nb_doors, type_id, comfort, kilometers, release_date) values (582, 'WK-421-LY', 'GMC', 'Yukon', '5', '5', '2', '4', '35000', '2013-07-24');
insert into car (id, registration_number, mark, name_model, nb_places, nb_doors, type_id, comfort, kilometers, release_date) values (583, 'RH-407-UB', 'Chrysler', '300M', '5', '5', '2', '4', '35000', '2017-06-14');
insert into car (id, registration_number, mark, name_model, nb_places, nb_doors, type_id, comfort, kilometers, release_date) values (584, 'JN-695-UK', 'Nissan', 'Maxima', '5', '5', '2', '4', '35000', '2015-08-19');
insert into car (id, registration_number, mark, name_model, nb_places, nb_doors, type_id, comfort, kilometers, release_date) values (585, 'MV-450-DM', 'Suzuki', 'Vitara', '5', '5', '2', '4', '35000', '2012-12-12');
insert into car (id, registration_number, mark, name_model, nb_places, nb_doors, type_id, comfort, kilometers, release_date) values (586, 'EX-912-MR', 'Dodge', 'Stratus', '5', '5', '2', '4', '35000', '2013-07-07');
insert into car (id, registration_number, mark, name_model, nb_places, nb_doors, type_id, comfort, kilometers, release_date) values (587, 'FS-480-QB', 'Mazda', 'MX-6', '5', '5', '2', '4', '35000', '2017-03-14');
insert into car (id, registration_number, mark, name_model, nb_places, nb_doors, type_id, comfort, kilometers, release_date) values (588, 'VG-405-GT', 'Suzuki', 'SJ', '5', '5', '2', '4', '35000', '2012-07-12');
insert into car (id, registration_number, mark, name_model, nb_places, nb_doors, type_id, comfort, kilometers, release_date) values (589, 'UL-278-VG', 'Toyota', 'FJ Cruiser', '5', '5', '2', '4', '35000', '2015-05-03');
insert into car (id, registration_number, mark, name_model, nb_places, nb_doors, type_id, comfort, kilometers, release_date) values (590, 'WT-131-SM', 'Cadillac', 'Eldorado', '5', '5', '2', '4', '35000', '2014-02-20');
insert into car (id, registration_number, mark, name_model, nb_places, nb_doors, type_id, comfort, kilometers, release_date) values (591, 'WM-434-EC', 'Mercury', 'Grand Marquis', '5', '5', '2', '4', '35000', '2012-05-29');
insert into car (id, registration_number, mark, name_model, nb_places, nb_doors, type_id, comfort, kilometers, release_date) values (592, 'LH-916-DS', 'GMC', 'Savana 2500', '5', '5', '2', '4', '35000', '2012-11-16');
insert into car (id, registration_number, mark, name_model, nb_places, nb_doors, type_id, comfort, kilometers, release_date) values (593, 'ZM-202-RJ', 'Toyota', 'Highlander', '5', '5', '2', '4', '35000', '2015-08-15');
insert into car (id, registration_number, mark, name_model, nb_places, nb_doors, type_id, comfort, kilometers, release_date) values (594, 'DC-242-AT', 'Honda', 'Odyssey', '5', '5', '2', '4', '35000', '2012-05-25');
insert into car (id, registration_number, mark, name_model, nb_places, nb_doors, type_id, comfort, kilometers, release_date) values (595, 'BJ-900-AO', 'Porsche', 'Cayman', '5', '5', '2', '4', '35000', '2014-12-31');
insert into car (id, registration_number, mark, name_model, nb_places, nb_doors, type_id, comfort, kilometers, release_date) values (596, 'TU-278-OD', 'Chevrolet', 'Camaro', '5', '5', '2', '4', '35000', '2016-10-14');
insert into car (id, registration_number, mark, name_model, nb_places, nb_doors, type_id, comfort, kilometers, release_date) values (597, 'MK-039-EZ', 'Cadillac', 'Escalade', '5', '5', '2', '4', '35000', '2014-03-29');
insert into car (id, registration_number, mark, name_model, nb_places, nb_doors, type_id, comfort, kilometers, release_date) values (598, 'DO-186-ZY', 'Lexus', 'RX', '5', '5', '2', '4', '35000', '2017-11-22');
insert into car (id, registration_number, mark, name_model, nb_places, nb_doors, type_id, comfort, kilometers, release_date) values (599, 'UW-266-XP', 'Chevrolet', 'SSR', '5', '5', '2', '4', '35000', '2015-07-24');
insert into car (id, registration_number, mark, name_model, nb_places, nb_doors, type_id, comfort, kilometers, release_date) values (600, 'UR-193-RS', 'Buick', 'Enclave', '5', '5', '2', '4', '35000', '2014-12-05');
insert into car (id, registration_number, mark, name_model, nb_places, nb_doors, type_id, comfort, kilometers, release_date) values (601, 'XQ-000-SU', 'Ford', 'E150', '5', '5', '2', '4', '35000', '2012-07-03');
insert into car (id, registration_number, mark, name_model, nb_places, nb_doors, type_id, comfort, kilometers, release_date) values (602, 'JZ-313-ZY', 'Honda', 'Ridgeline', '5', '5', '2', '4', '35000', '2017-05-25');
insert into car (id, registration_number, mark, name_model, nb_places, nb_doors, type_id, comfort, kilometers, release_date) values (603, 'KD-161-BS', 'Toyota', 'Corolla', '5', '5', '2', '4', '35000', '2018-03-01');
insert into car (id, registration_number, mark, name_model, nb_places, nb_doors, type_id, comfort, kilometers, release_date) values (604, 'QR-609-JR', 'Chevrolet', 'Express 1500', '5', '5', '2', '4', '35000', '2012-09-20');
insert into car (id, registration_number, mark, name_model, nb_places, nb_doors, type_id, comfort, kilometers, release_date) values (605, 'ZL-627-AS', 'Toyota', 'Prius', '5', '5', '2', '4', '35000', '2015-09-29');
insert into car (id, registration_number, mark, name_model, nb_places, nb_doors, type_id, comfort, kilometers, release_date) values (606, 'PU-262-HD', 'Subaru', 'Impreza', '5', '5', '2', '4', '35000', '2016-07-05');
insert into car (id, registration_number, mark, name_model, nb_places, nb_doors, type_id, comfort, kilometers, release_date) values (607, 'QB-224-NX', 'Isuzu', 'Amigo', '5', '5', '2', '4', '35000', '2017-12-13');
insert into car (id, registration_number, mark, name_model, nb_places, nb_doors, type_id, comfort, kilometers, release_date) values (608, 'IV-821-YP', 'Pontiac', 'Grand Prix', '5', '5', '2', '4', '35000', '2016-10-02');
insert into car (id, registration_number, mark, name_model, nb_places, nb_doors, type_id, comfort, kilometers, release_date) values (609, 'KM-868-RG', 'Nissan', 'Altima', '5', '5', '2', '4', '35000', '2012-11-12');
insert into car (id, registration_number, mark, name_model, nb_places, nb_doors, type_id, comfort, kilometers, release_date) values (610, 'BG-631-CH', 'GMC', 'Yukon', '5', '5', '2', '4', '35000', '2012-08-11');
insert into car (id, registration_number, mark, name_model, nb_places, nb_doors, type_id, comfort, kilometers, release_date) values (611, 'DU-664-PL', 'Hyundai', 'Tucson', '5', '5', '2', '4', '35000', '2014-04-17');
insert into car (id, registration_number, mark, name_model, nb_places, nb_doors, type_id, comfort, kilometers, release_date) values (612, 'KL-358-EW', 'Honda', 'Odyssey', '5', '5', '2', '4', '35000', '2014-06-20');
insert into car (id, registration_number, mark, name_model, nb_places, nb_doors, type_id, comfort, kilometers, release_date) values (613, 'UR-648-YJ', 'Kia', 'Soul', '5', '5', '2', '4', '35000', '2016-10-27');
insert into car (id, registration_number, mark, name_model, nb_places, nb_doors, type_id, comfort, kilometers, release_date) values (614, 'VC-870-HD', 'Ford', 'Laser', '5', '5', '2', '4', '35000', '2016-09-25');
insert into car (id, registration_number, mark, name_model, nb_places, nb_doors, type_id, comfort, kilometers, release_date) values (615, 'UD-729-UZ', 'Subaru', 'Legacy', '5', '5', '2', '4', '35000', '2017-09-26');
insert into car (id, registration_number, mark, name_model, nb_places, nb_doors, type_id, comfort, kilometers, release_date) values (616, 'YX-111-YK', 'Mazda', 'B-Series', '5', '5', '2', '4', '35000', '2015-04-27');
insert into car (id, registration_number, mark, name_model, nb_places, nb_doors, type_id, comfort, kilometers, release_date) values (617, 'CS-406-WC', 'Pontiac', 'Chevette', '5', '5', '2', '4', '35000', '2014-09-26');
insert into car (id, registration_number, mark, name_model, nb_places, nb_doors, type_id, comfort, kilometers, release_date) values (618, 'QH-069-DJ', 'Chevrolet', 'Corvette', '5', '5', '2', '4', '35000', '2014-12-29');
insert into car (id, registration_number, mark, name_model, nb_places, nb_doors, type_id, comfort, kilometers, release_date) values (619, 'CL-817-NI', 'BMW', 'M3', '5', '5', '2', '4', '35000', '2012-08-13');
insert into car (id, registration_number, mark, name_model, nb_places, nb_doors, type_id, comfort, kilometers, release_date) values (620, 'HS-891-ZB', 'Chrysler', '300', '5', '5', '2', '4', '35000', '2013-06-27');
insert into car (id, registration_number, mark, name_model, nb_places, nb_doors, type_id, comfort, kilometers, release_date) values (621, 'MP-401-CH', 'Land Rover', 'LR3', '5', '5', '2', '4', '35000', '2014-06-16');
insert into car (id, registration_number, mark, name_model, nb_places, nb_doors, type_id, comfort, kilometers, release_date) values (622, 'BQ-505-KS', 'Toyota', 'T100 Xtra', '5', '5', '2', '4', '35000', '2013-11-14');
insert into car (id, registration_number, mark, name_model, nb_places, nb_doors, type_id, comfort, kilometers, release_date) values (623, 'JY-413-GS', 'Hyundai', 'Elantra', '5', '5', '2', '4', '35000', '2016-08-02');
insert into car (id, registration_number, mark, name_model, nb_places, nb_doors, type_id, comfort, kilometers, release_date) values (624, 'HE-280-AP', 'BMW', '5 Series', '5', '5', '2', '4', '35000', '2017-08-21');
insert into car (id, registration_number, mark, name_model, nb_places, nb_doors, type_id, comfort, kilometers, release_date) values (625, 'HD-895-OH', 'Isuzu', 'Hombre Space', '5', '5', '2', '4', '35000', '2014-10-14');
insert into car (id, registration_number, mark, name_model, nb_places, nb_doors, type_id, comfort, kilometers, release_date) values (626, 'LZ-020-EO', 'Pontiac', 'Grand Prix', '5', '5', '2', '4', '35000', '2013-12-18');
insert into car (id, registration_number, mark, name_model, nb_places, nb_doors, type_id, comfort, kilometers, release_date) values (627, 'FL-397-NL', 'GMC', 'Savana 2500', '5', '5', '2', '4', '35000', '2014-08-25');
insert into car (id, registration_number, mark, name_model, nb_places, nb_doors, type_id, comfort, kilometers, release_date) values (628, 'YC-290-PH', 'Ford', 'Tempo', '5', '5', '2', '4', '35000', '2014-11-03');
insert into car (id, registration_number, mark, name_model, nb_places, nb_doors, type_id, comfort, kilometers, release_date) values (629, 'WD-634-YQ', 'Suzuki', 'SJ', '5', '5', '2', '4', '35000', '2015-07-27');
insert into car (id, registration_number, mark, name_model, nb_places, nb_doors, type_id, comfort, kilometers, release_date) values (630, 'SH-609-EK', 'Lincoln', 'Continental Mark VII', '5', '5', '2', '4', '35000', '2014-07-25');
insert into car (id, registration_number, mark, name_model, nb_places, nb_doors, type_id, comfort, kilometers, release_date) values (631, 'FP-582-GZ', 'Chevrolet', 'LUV', '5', '5', '2', '4', '35000', '2016-06-25');
insert into car (id, registration_number, mark, name_model, nb_places, nb_doors, type_id, comfort, kilometers, release_date) values (632, 'PU-063-RF', 'Pontiac', '6000', '5', '5', '2', '4', '35000', '2015-09-25');
insert into car (id, registration_number, mark, name_model, nb_places, nb_doors, type_id, comfort, kilometers, release_date) values (633, 'FJ-387-IM', 'Dodge', 'Viper', '5', '5', '2', '4', '35000', '2017-03-30');
insert into car (id, registration_number, mark, name_model, nb_places, nb_doors, type_id, comfort, kilometers, release_date) values (634, 'JC-222-RJ', 'Toyota', 'Tundra', '5', '5', '2', '4', '35000', '2017-04-12');
insert into car (id, registration_number, mark, name_model, nb_places, nb_doors, type_id, comfort, kilometers, release_date) values (635, 'OI-763-PK', 'Honda', 'Prelude', '5', '5', '2', '4', '35000', '2016-09-15');
insert into car (id, registration_number, mark, name_model, nb_places, nb_doors, type_id, comfort, kilometers, release_date) values (636, 'YL-205-HA', 'Suzuki', 'Vitara', '5', '5', '2', '4', '35000', '2013-06-25');
insert into car (id, registration_number, mark, name_model, nb_places, nb_doors, type_id, comfort, kilometers, release_date) values (637, 'TF-910-GB', 'Mitsubishi', 'Outlander', '5', '5', '2', '4', '35000', '2013-11-27');
insert into car (id, registration_number, mark, name_model, nb_places, nb_doors, type_id, comfort, kilometers, release_date) values (638, 'ZT-166-PS', 'Dodge', 'Grand Caravan', '5', '5', '2', '4', '35000', '2012-10-24');
insert into car (id, registration_number, mark, name_model, nb_places, nb_doors, type_id, comfort, kilometers, release_date) values (639, 'QG-381-EK', 'Dodge', 'Ram 2500', '5', '5', '2', '4', '35000', '2012-11-04');
insert into car (id, registration_number, mark, name_model, nb_places, nb_doors, type_id, comfort, kilometers, release_date) values (640, 'AU-554-BH', 'Mitsubishi', 'Lancer Evolution', '5', '5', '2', '4', '35000', '2016-10-20');
insert into car (id, registration_number, mark, name_model, nb_places, nb_doors, type_id, comfort, kilometers, release_date) values (641, 'OX-946-CH', 'Mazda', 'Familia', '5', '5', '2', '4', '35000', '2012-12-22');
insert into car (id, registration_number, mark, name_model, nb_places, nb_doors, type_id, comfort, kilometers, release_date) values (642, 'XT-275-BX', 'Hyundai', 'Santa Fe', '5', '5', '2', '4', '35000', '2013-11-18');
insert into car (id, registration_number, mark, name_model, nb_places, nb_doors, type_id, comfort, kilometers, release_date) values (643, 'OM-714-GV', 'Hyundai', 'Sonata', '5', '5', '2', '4', '35000', '2013-04-26');
insert into car (id, registration_number, mark, name_model, nb_places, nb_doors, type_id, comfort, kilometers, release_date) values (644, 'IE-926-IY', 'Mercury', 'Marquis', '5', '5', '2', '4', '35000', '2016-04-14');
insert into car (id, registration_number, mark, name_model, nb_places, nb_doors, type_id, comfort, kilometers, release_date) values (645, 'ZU-895-WO', 'Nissan', 'Quest', '5', '5', '2', '4', '35000', '2015-07-06');
insert into car (id, registration_number, mark, name_model, nb_places, nb_doors, type_id, comfort, kilometers, release_date) values (646, 'CX-197-MK', 'Mazda', 'RX-7', '5', '5', '2', '4', '35000', '2016-09-01');
insert into car (id, registration_number, mark, name_model, nb_places, nb_doors, type_id, comfort, kilometers, release_date) values (647, 'WK-087-AI', 'Cadillac', 'Escalade', '5', '5', '2', '4', '35000', '2017-10-02');
insert into car (id, registration_number, mark, name_model, nb_places, nb_doors, type_id, comfort, kilometers, release_date) values (648, 'XA-756-IW', 'Lincoln', 'MKZ', '5', '5', '2', '4', '35000', '2015-08-26');
insert into car (id, registration_number, mark, name_model, nb_places, nb_doors, type_id, comfort, kilometers, release_date) values (649, 'KQ-286-SO', 'Audi', '5000CS Quattro', '5', '5', '2', '4', '35000', '2017-02-12');
insert into car (id, registration_number, mark, name_model, nb_places, nb_doors, type_id, comfort, kilometers, release_date) values (650, 'AO-127-HO', 'Ford', 'Club Wagon', '5', '5', '2', '4', '35000', '2018-02-06');
insert into car (id, registration_number, mark, name_model, nb_places, nb_doors, type_id, comfort, kilometers, release_date) values (651, 'SN-685-LV', 'Pontiac', 'Parisienne', '5', '5', '2', '4', '35000', '2014-01-07');
insert into car (id, registration_number, mark, name_model, nb_places, nb_doors, type_id, comfort, kilometers, release_date) values (652, 'AN-574-NG', 'Lamborghini', 'Murcilago', '5', '5', '2', '4', '35000', '2015-05-29');
insert into car (id, registration_number, mark, name_model, nb_places, nb_doors, type_id, comfort, kilometers, release_date) values (653, 'BD-059-VD', 'Chevrolet', 'Beretta', '5', '5', '2', '4', '35000', '2012-05-14');
insert into car (id, registration_number, mark, name_model, nb_places, nb_doors, type_id, comfort, kilometers, release_date) values (654, 'HR-378-OI', 'Kia', 'Optima', '5', '5', '2', '4', '35000', '2017-09-12');
insert into car (id, registration_number, mark, name_model, nb_places, nb_doors, type_id, comfort, kilometers, release_date) values (655, 'UP-779-JS', 'Ford', 'Mustang', '5', '5', '2', '4', '35000', '2017-01-10');
insert into car (id, registration_number, mark, name_model, nb_places, nb_doors, type_id, comfort, kilometers, release_date) values (656, 'XI-061-QP', 'Plymouth', 'Acclaim', '5', '5', '2', '4', '35000', '2015-10-01');
insert into car (id, registration_number, mark, name_model, nb_places, nb_doors, type_id, comfort, kilometers, release_date) values (657, 'NU-579-QT', 'Mitsubishi', 'Montero', '5', '5', '2', '4', '35000', '2016-05-03');
insert into car (id, registration_number, mark, name_model, nb_places, nb_doors, type_id, comfort, kilometers, release_date) values (658, 'VD-969-YG', 'Saturn', 'S-Series', '5', '5', '2', '4', '35000', '2017-08-30');
insert into car (id, registration_number, mark, name_model, nb_places, nb_doors, type_id, comfort, kilometers, release_date) values (659, 'ON-310-BK', 'Oldsmobile', 'Intrigue', '5', '5', '2', '4', '35000', '2016-02-27');
insert into car (id, registration_number, mark, name_model, nb_places, nb_doors, type_id, comfort, kilometers, release_date) values (660, 'MH-630-BV', 'Chevrolet', 'Express 2500', '5', '5', '2', '4', '35000', '2017-03-07');
insert into car (id, registration_number, mark, name_model, nb_places, nb_doors, type_id, comfort, kilometers, release_date) values (661, 'RH-443-JD', 'Dodge', 'Neon', '5', '5', '2', '4', '35000', '2012-03-22');
insert into car (id, registration_number, mark, name_model, nb_places, nb_doors, type_id, comfort, kilometers, release_date) values (662, 'MB-115-YE', 'Mazda', 'RX-7', '5', '5', '2', '4', '35000', '2014-10-13');
insert into car (id, registration_number, mark, name_model, nb_places, nb_doors, type_id, comfort, kilometers, release_date) values (663, 'LH-060-ST', 'Nissan', 'Xterra', '5', '5', '2', '4', '35000', '2014-12-27');
insert into car (id, registration_number, mark, name_model, nb_places, nb_doors, type_id, comfort, kilometers, release_date) values (664, 'GR-623-JP', 'Chevrolet', 'Corvette', '5', '5', '2', '4', '35000', '2017-07-14');
insert into car (id, registration_number, mark, name_model, nb_places, nb_doors, type_id, comfort, kilometers, release_date) values (665, 'VL-455-UF', 'Mazda', '626', '5', '5', '2', '4', '35000', '2017-08-31');
insert into car (id, registration_number, mark, name_model, nb_places, nb_doors, type_id, comfort, kilometers, release_date) values (666, 'HS-859-JK', 'Lincoln', 'MKT', '5', '5', '2', '4', '35000', '2017-10-27');
insert into car (id, registration_number, mark, name_model, nb_places, nb_doors, type_id, comfort, kilometers, release_date) values (667, 'FN-693-NG', 'Subaru', 'Leone', '5', '5', '2', '4', '35000', '2017-01-10');
insert into car (id, registration_number, mark, name_model, nb_places, nb_doors, type_id, comfort, kilometers, release_date) values (668, 'KQ-848-HD', 'Mazda', 'Miata MX-5', '5', '5', '2', '4', '35000', '2014-01-23');
insert into car (id, registration_number, mark, name_model, nb_places, nb_doors, type_id, comfort, kilometers, release_date) values (669, 'TA-512-GX', 'Audi', 'A3', '5', '5', '2', '4', '35000', '2013-07-13');
insert into car (id, registration_number, mark, name_model, nb_places, nb_doors, type_id, comfort, kilometers, release_date) values (670, 'XF-874-NV', 'Nissan', 'GT-R', '5', '5', '2', '4', '35000', '2015-04-21');
insert into car (id, registration_number, mark, name_model, nb_places, nb_doors, type_id, comfort, kilometers, release_date) values (671, 'VS-024-BI', 'Chevrolet', '2500', '5', '5', '2', '4', '35000', '2012-06-07');
insert into car (id, registration_number, mark, name_model, nb_places, nb_doors, type_id, comfort, kilometers, release_date) values (672, 'XU-365-EH', 'BMW', 'X5', '5', '5', '2', '4', '35000', '2018-03-02');
insert into car (id, registration_number, mark, name_model, nb_places, nb_doors, type_id, comfort, kilometers, release_date) values (673, 'RM-630-TY', 'Toyota', 'FJ Cruiser', '5', '5', '2', '4', '35000', '2016-01-14');
insert into car (id, registration_number, mark, name_model, nb_places, nb_doors, type_id, comfort, kilometers, release_date) values (674, 'HX-245-ZJ', 'Geo', 'Prizm', '5', '5', '2', '4', '35000', '2013-10-30');
insert into car (id, registration_number, mark, name_model, nb_places, nb_doors, type_id, comfort, kilometers, release_date) values (675, 'YC-092-DY', 'Hyundai', 'Tiburon', '5', '5', '2', '4', '35000', '2017-09-23');
insert into car (id, registration_number, mark, name_model, nb_places, nb_doors, type_id, comfort, kilometers, release_date) values (676, 'JC-411-KW', 'Ford', 'Courier', '5', '5', '2', '4', '35000', '2015-04-07');
insert into car (id, registration_number, mark, name_model, nb_places, nb_doors, type_id, comfort, kilometers, release_date) values (677, 'HA-639-CN', 'Mitsubishi', 'Eclipse', '5', '5', '2', '4', '35000', '2016-02-27');
insert into car (id, registration_number, mark, name_model, nb_places, nb_doors, type_id, comfort, kilometers, release_date) values (678, 'NH-691-YL', 'Honda', 'Prelude', '5', '5', '2', '4', '35000', '2017-04-07');
insert into car (id, registration_number, mark, name_model, nb_places, nb_doors, type_id, comfort, kilometers, release_date) values (679, 'GO-215-TA', 'Mitsubishi', 'Endeavor', '5', '5', '2', '4', '35000', '2017-07-02');
insert into car (id, registration_number, mark, name_model, nb_places, nb_doors, type_id, comfort, kilometers, release_date) values (680, 'LT-768-AX', 'Plymouth', 'Voyager', '5', '5', '2', '4', '35000', '2015-05-20');
insert into car (id, registration_number, mark, name_model, nb_places, nb_doors, type_id, comfort, kilometers, release_date) values (681, 'RA-758-MX', 'Saab', '900', '5', '5', '2', '4', '35000', '2014-10-14');
insert into car (id, registration_number, mark, name_model, nb_places, nb_doors, type_id, comfort, kilometers, release_date) values (682, 'SZ-614-JS', 'Mercedes-Benz', 'E-Class', '5', '5', '2', '4', '35000', '2016-01-09');
insert into car (id, registration_number, mark, name_model, nb_places, nb_doors, type_id, comfort, kilometers, release_date) values (683, 'QG-447-TJ', 'Saab', '9000', '5', '5', '2', '4', '35000', '2017-11-16');
insert into car (id, registration_number, mark, name_model, nb_places, nb_doors, type_id, comfort, kilometers, release_date) values (684, 'ZX-676-FT', 'Kia', 'Sephia', '5', '5', '2', '4', '35000', '2015-07-30');
insert into car (id, registration_number, mark, name_model, nb_places, nb_doors, type_id, comfort, kilometers, release_date) values (685, 'MO-423-OG', 'Toyota', 'Camry Solara', '5', '5', '2', '4', '35000', '2015-05-12');
insert into car (id, registration_number, mark, name_model, nb_places, nb_doors, type_id, comfort, kilometers, release_date) values (686, 'XH-716-AL', 'Dodge', 'Shadow', '5', '5', '2', '4', '35000', '2016-07-04');
insert into car (id, registration_number, mark, name_model, nb_places, nb_doors, type_id, comfort, kilometers, release_date) values (687, 'YG-433-TD', 'Ford', 'F350', '5', '5', '2', '4', '35000', '2015-11-11');
insert into car (id, registration_number, mark, name_model, nb_places, nb_doors, type_id, comfort, kilometers, release_date) values (688, 'OI-040-HA', 'Chrysler', 'Sebring', '5', '5', '2', '4', '35000', '2016-12-07');
insert into car (id, registration_number, mark, name_model, nb_places, nb_doors, type_id, comfort, kilometers, release_date) values (689, 'QL-276-MH', 'Honda', 'CR-V', '5', '5', '2', '4', '35000', '2013-11-23');
insert into car (id, registration_number, mark, name_model, nb_places, nb_doors, type_id, comfort, kilometers, release_date) values (690, 'OM-382-UA', 'Buick', 'Century', '5', '5', '2', '4', '35000', '2016-06-15');
insert into car (id, registration_number, mark, name_model, nb_places, nb_doors, type_id, comfort, kilometers, release_date) values (691, 'SD-225-RV', 'Kia', 'Optima', '5', '5', '2', '4', '35000', '2012-12-10');
insert into car (id, registration_number, mark, name_model, nb_places, nb_doors, type_id, comfort, kilometers, release_date) values (692, 'KC-489-VP', 'Buick', 'LeSabre', '5', '5', '2', '4', '35000', '2017-10-30');
insert into car (id, registration_number, mark, name_model, nb_places, nb_doors, type_id, comfort, kilometers, release_date) values (693, 'QP-680-MZ', 'Dodge', 'Dakota', '5', '5', '2', '4', '35000', '2015-08-07');
insert into car (id, registration_number, mark, name_model, nb_places, nb_doors, type_id, comfort, kilometers, release_date) values (694, 'VE-672-UZ', 'Aston Martin', 'Vantage', '5', '5', '2', '4', '35000', '2013-10-08');
insert into car (id, registration_number, mark, name_model, nb_places, nb_doors, type_id, comfort, kilometers, release_date) values (695, 'FG-770-UP', 'BMW', '645', '5', '5', '2', '4', '35000', '2015-11-26');
insert into car (id, registration_number, mark, name_model, nb_places, nb_doors, type_id, comfort, kilometers, release_date) values (696, 'NU-561-EH', 'Dodge', 'Journey', '5', '5', '2', '4', '35000', '2016-07-21');
insert into car (id, registration_number, mark, name_model, nb_places, nb_doors, type_id, comfort, kilometers, release_date) values (697, 'YJ-026-ID', 'Oldsmobile', 'Intrigue', '5', '5', '2', '4', '35000', '2015-05-15');
insert into car (id, registration_number, mark, name_model, nb_places, nb_doors, type_id, comfort, kilometers, release_date) values (698, 'XR-722-LU', 'Oldsmobile', 'Silhouette', '5', '5', '2', '4', '35000', '2017-06-18');
insert into car (id, registration_number, mark, name_model, nb_places, nb_doors, type_id, comfort, kilometers, release_date) values (699, 'VY-693-IS', 'Cadillac', 'SRX', '5', '5', '2', '4', '35000', '2017-03-06');
insert into car (id, registration_number, mark, name_model, nb_places, nb_doors, type_id, comfort, kilometers, release_date) values (700, 'RC-868-YV', 'Honda', 'Accord', '5', '5', '2', '4', '35000', '2014-10-27');
insert into car (id, registration_number, mark, name_model, nb_places, nb_doors, type_id, comfort, kilometers, release_date) values (701, 'VO-306-LZ', 'Porsche', 'Cayman', '5', '5', '2', '4', '35000', '2017-05-21');
insert into car (id, registration_number, mark, name_model, nb_places, nb_doors, type_id, comfort, kilometers, release_date) values (702, 'SE-723-SH', 'Volkswagen', 'GTI', '5', '5', '2', '4', '35000', '2013-06-27');
insert into car (id, registration_number, mark, name_model, nb_places, nb_doors, type_id, comfort, kilometers, release_date) values (703, 'QG-292-ZH', 'Land Rover', 'Discovery', '5', '5', '2', '4', '35000', '2017-04-27');
insert into car (id, registration_number, mark, name_model, nb_places, nb_doors, type_id, comfort, kilometers, release_date) values (704, 'PW-716-HJ', 'Hummer', 'H1', '5', '5', '2', '4', '35000', '2014-06-27');
insert into car (id, registration_number, mark, name_model, nb_places, nb_doors, type_id, comfort, kilometers, release_date) values (705, 'JI-397-QZ', 'Daewoo', 'Nubira', '5', '5', '2', '4', '35000', '2017-08-20');
insert into car (id, registration_number, mark, name_model, nb_places, nb_doors, type_id, comfort, kilometers, release_date) values (706, 'AR-171-XN', 'Eagle', 'Talon', '5', '5', '2', '4', '35000', '2015-06-22');
insert into car (id, registration_number, mark, name_model, nb_places, nb_doors, type_id, comfort, kilometers, release_date) values (707, 'WM-236-AF', 'GMC', 'Vandura 1500', '5', '5', '2', '4', '35000', '2013-08-27');
insert into car (id, registration_number, mark, name_model, nb_places, nb_doors, type_id, comfort, kilometers, release_date) values (708, 'VM-921-OR', 'Ford', 'Ranger', '5', '5', '2', '4', '35000', '2016-12-31');
insert into car (id, registration_number, mark, name_model, nb_places, nb_doors, type_id, comfort, kilometers, release_date) values (709, 'AV-275-PK', 'Chevrolet', 'Corvette', '5', '5', '2', '4', '35000', '2015-08-14');
insert into car (id, registration_number, mark, name_model, nb_places, nb_doors, type_id, comfort, kilometers, release_date) values (710, 'JR-665-AU', 'Honda', 'CR-V', '5', '5', '2', '4', '35000', '2016-07-19');
insert into car (id, registration_number, mark, name_model, nb_places, nb_doors, type_id, comfort, kilometers, release_date) values (711, 'AK-893-WE', 'Pontiac', 'GTO', '5', '5', '2', '4', '35000', '2014-03-14');
insert into car (id, registration_number, mark, name_model, nb_places, nb_doors, type_id, comfort, kilometers, release_date) values (712, 'FP-855-JQ', 'Audi', 'A6', '5', '5', '2', '4', '35000', '2017-10-29');
insert into car (id, registration_number, mark, name_model, nb_places, nb_doors, type_id, comfort, kilometers, release_date) values (713, 'IS-880-DG', 'Maserati', 'Quattroporte', '5', '5', '2', '4', '35000', '2017-05-11');
insert into car (id, registration_number, mark, name_model, nb_places, nb_doors, type_id, comfort, kilometers, release_date) values (714, 'IZ-355-TO', 'Saturn', 'Ion', '5', '5', '2', '4', '35000', '2017-08-02');
insert into car (id, registration_number, mark, name_model, nb_places, nb_doors, type_id, comfort, kilometers, release_date) values (715, 'AD-872-TC', 'Chevrolet', 'Cavalier', '5', '5', '2', '4', '35000', '2017-09-10');
insert into car (id, registration_number, mark, name_model, nb_places, nb_doors, type_id, comfort, kilometers, release_date) values (716, 'ID-256-WZ', 'Chevrolet', 'Sportvan G30', '5', '5', '2', '4', '35000', '2017-05-24');
insert into car (id, registration_number, mark, name_model, nb_places, nb_doors, type_id, comfort, kilometers, release_date) values (717, 'HA-555-PX', 'Land Rover', 'Range Rover', '5', '5', '2', '4', '35000', '2014-10-26');
insert into car (id, registration_number, mark, name_model, nb_places, nb_doors, type_id, comfort, kilometers, release_date) values (718, 'RT-214-JM', 'Volkswagen', 'Touareg', '5', '5', '2', '4', '35000', '2016-08-06');
insert into car (id, registration_number, mark, name_model, nb_places, nb_doors, type_id, comfort, kilometers, release_date) values (719, 'NI-233-WP', 'Eagle', 'Summit', '5', '5', '2', '4', '35000', '2012-07-03');
insert into car (id, registration_number, mark, name_model, nb_places, nb_doors, type_id, comfort, kilometers, release_date) values (720, 'SD-052-YX', 'GMC', 'Savana 1500', '5', '5', '2', '4', '35000', '2014-07-26');
insert into car (id, registration_number, mark, name_model, nb_places, nb_doors, type_id, comfort, kilometers, release_date) values (721, 'MR-902-GC', 'Rolls-Royce', 'Ghost', '5', '5', '2', '4', '35000', '2012-12-27');
insert into car (id, registration_number, mark, name_model, nb_places, nb_doors, type_id, comfort, kilometers, release_date) values (722, 'TG-752-ZG', 'Nissan', 'Pathfinder', '5', '5', '2', '4', '35000', '2014-01-18');
insert into car (id, registration_number, mark, name_model, nb_places, nb_doors, type_id, comfort, kilometers, release_date) values (723, 'LS-906-WR', 'Mazda', 'Miata MX-5', '5', '5', '2', '4', '35000', '2012-10-14');
insert into car (id, registration_number, mark, name_model, nb_places, nb_doors, type_id, comfort, kilometers, release_date) values (724, 'NL-992-CS', 'Isuzu', 'Hombre Space', '5', '5', '2', '4', '35000', '2012-05-20');
insert into car (id, registration_number, mark, name_model, nb_places, nb_doors, type_id, comfort, kilometers, release_date) values (725, 'PR-961-UB', 'Morgan', 'Aero 8', '5', '5', '2', '4', '35000', '2016-03-01');
insert into car (id, registration_number, mark, name_model, nb_places, nb_doors, type_id, comfort, kilometers, release_date) values (726, 'PE-388-SC', 'Volkswagen', 'GTI', '5', '5', '2', '4', '35000', '2013-08-11');
insert into car (id, registration_number, mark, name_model, nb_places, nb_doors, type_id, comfort, kilometers, release_date) values (727, 'FY-932-CS', 'Infiniti', 'FX', '5', '5', '2', '4', '35000', '2018-01-10');
insert into car (id, registration_number, mark, name_model, nb_places, nb_doors, type_id, comfort, kilometers, release_date) values (728, 'DC-851-FM', 'Mercedes-Benz', '500SL', '5', '5', '2', '4', '35000', '2016-08-08');
insert into car (id, registration_number, mark, name_model, nb_places, nb_doors, type_id, comfort, kilometers, release_date) values (729, 'XH-442-VN', 'Subaru', 'XT', '5', '5', '2', '4', '35000', '2013-12-02');
insert into car (id, registration_number, mark, name_model, nb_places, nb_doors, type_id, comfort, kilometers, release_date) values (730, 'KN-755-HU', 'Toyota', 'Celica', '5', '5', '2', '4', '35000', '2012-03-31');
insert into car (id, registration_number, mark, name_model, nb_places, nb_doors, type_id, comfort, kilometers, release_date) values (731, 'IG-194-IF', 'Cadillac', 'Fleetwood', '5', '5', '2', '4', '35000', '2012-05-06');
insert into car (id, registration_number, mark, name_model, nb_places, nb_doors, type_id, comfort, kilometers, release_date) values (732, 'EQ-756-EL', 'Toyota', 'Prius Plug-in Hybrid', '5', '5', '2', '4', '35000', '2013-10-09');
insert into car (id, registration_number, mark, name_model, nb_places, nb_doors, type_id, comfort, kilometers, release_date) values (733, 'MD-809-WT', 'Toyota', 'Camry', '5', '5', '2', '4', '35000', '2017-08-12');
insert into car (id, registration_number, mark, name_model, nb_places, nb_doors, type_id, comfort, kilometers, release_date) values (734, 'HJ-147-AP', 'Oldsmobile', 'Silhouette', '5', '5', '2', '4', '35000', '2015-09-12');
insert into car (id, registration_number, mark, name_model, nb_places, nb_doors, type_id, comfort, kilometers, release_date) values (735, 'BF-716-CF', 'Volkswagen', 'Passat', '5', '5', '2', '4', '35000', '2017-04-25');
insert into car (id, registration_number, mark, name_model, nb_places, nb_doors, type_id, comfort, kilometers, release_date) values (736, 'UO-074-UN', 'Dodge', 'Viper', '5', '5', '2', '4', '35000', '2013-03-24');
insert into car (id, registration_number, mark, name_model, nb_places, nb_doors, type_id, comfort, kilometers, release_date) values (737, 'UL-406-QH', 'Ford', 'Mustang', '5', '5', '2', '4', '35000', '2017-01-29');
insert into car (id, registration_number, mark, name_model, nb_places, nb_doors, type_id, comfort, kilometers, release_date) values (738, 'DV-960-ZS', 'Pontiac', 'Montana', '5', '5', '2', '4', '35000', '2015-12-18');
insert into car (id, registration_number, mark, name_model, nb_places, nb_doors, type_id, comfort, kilometers, release_date) values (739, 'VG-399-YZ', 'Lexus', 'LS', '5', '5', '2', '4', '35000', '2012-06-24');
insert into car (id, registration_number, mark, name_model, nb_places, nb_doors, type_id, comfort, kilometers, release_date) values (740, 'RV-556-AO', 'Chevrolet', 'Venture', '5', '5', '2', '4', '35000', '2013-09-28');
insert into car (id, registration_number, mark, name_model, nb_places, nb_doors, type_id, comfort, kilometers, release_date) values (741, 'ZU-691-UG', 'Land Rover', 'Range Rover', '5', '5', '2', '4', '35000', '2013-07-15');
insert into car (id, registration_number, mark, name_model, nb_places, nb_doors, type_id, comfort, kilometers, release_date) values (742, 'IJ-167-PJ', 'Hyundai', 'Genesis', '5', '5', '2', '4', '35000', '2015-01-29');
insert into car (id, registration_number, mark, name_model, nb_places, nb_doors, type_id, comfort, kilometers, release_date) values (743, 'HN-387-YE', 'Acura', 'NSX', '5', '5', '2', '4', '35000', '2013-11-28');
insert into car (id, registration_number, mark, name_model, nb_places, nb_doors, type_id, comfort, kilometers, release_date) values (744, 'JN-701-DX', 'Jeep', 'Liberty', '5', '5', '2', '4', '35000', '2013-02-03');
insert into car (id, registration_number, mark, name_model, nb_places, nb_doors, type_id, comfort, kilometers, release_date) values (745, 'PF-359-QU', 'Chevrolet', 'Cobalt', '5', '5', '2', '4', '35000', '2014-03-03');
insert into car (id, registration_number, mark, name_model, nb_places, nb_doors, type_id, comfort, kilometers, release_date) values (746, 'LK-304-TK', 'Bentley', 'Continental GTC', '5', '5', '2', '4', '35000', '2015-03-06');
insert into car (id, registration_number, mark, name_model, nb_places, nb_doors, type_id, comfort, kilometers, release_date) values (747, 'CT-569-KQ', 'Chevrolet', 'Avalanche 2500', '5', '5', '2', '4', '35000', '2016-11-16');
insert into car (id, registration_number, mark, name_model, nb_places, nb_doors, type_id, comfort, kilometers, release_date) values (748, 'YQ-205-GJ', 'Pontiac', 'Bonneville', '5', '5', '2', '4', '35000', '2014-06-21');
insert into car (id, registration_number, mark, name_model, nb_places, nb_doors, type_id, comfort, kilometers, release_date) values (749, 'JU-163-WN', 'Plymouth', 'Colt Vista', '5', '5', '2', '4', '35000', '2016-08-17');
insert into car (id, registration_number, mark, name_model, nb_places, nb_doors, type_id, comfort, kilometers, release_date) values (750, 'OZ-793-OP', 'Honda', 'CR-V', '5', '5', '2', '4', '35000', '2017-10-15');

#---------------Geste-commerciale----------------------------------
insert into commercial_gesture (id, id_user, code, valeur, date_fin_validite) values (1, '0', 'CSCCODE1', '10', '2018-05-24 00:00:00');
insert into commercial_gesture (id, id_user, code, valeur, date_fin_validite) values (2, '0', 'CSCCODE2', '10', '2018-05-24 00:00:00');
insert into commercial_gesture (id, id_user, code, valeur, date_fin_validite) values (3, '0', 'CSCCODE3', '10', '2018-05-24 00:00:00');
insert into commercial_gesture (id, id_user, code, valeur, date_fin_validite) values (4, '0', 'CSCCODE4', '10', '2018-05-24 00:00:00');
insert into commercial_gesture (id, id_user, code, valeur, date_fin_validite) values (5, '0', 'CSCCODE5', '10', '2018-05-24 00:00:00');
insert into commercial_gesture (id, id_user, code, valeur, date_fin_validite) values (6, '0', 'CSCCODE6', '10', '2018-05-24 00:00:00');
insert into commercial_gesture (id, id_user, code, valeur, date_fin_validite) values (7, '0', 'CSCCODE7', '10', '2018-05-24 00:00:00');
insert into commercial_gesture (id, id_user, code, valeur, date_fin_validite) values (8, '0', 'CSCCODE8', '10', '2018-05-24 00:00:00');
insert into commercial_gesture (id, id_user, code, valeur, date_fin_validite) values (9, '0', 'CSCCODE9', '10', '2018-05-24 00:00:00');
insert into commercial_gesture (id, id_user, code, valeur, date_fin_validite) values (10, '0', 'CSCCODE10', '10', '2018-05-24 00:00:00');
insert into commercial_gesture (id, id_user, code, valeur, date_fin_validite) values (11, '0', 'CSCCODE11', '10', '2018-05-24 00:00:00');
insert into commercial_gesture (id, id_user, code, valeur, date_fin_validite) values (12, '0', 'CSCCODE12', '10', '2018-05-24 00:00:00');
insert into commercial_gesture (id, id_user, code, valeur, date_fin_validite) values (13, '0', 'CSCCODE13', '10', '2018-05-24 00:00:00');
insert into commercial_gesture (id, id_user, code, valeur, date_fin_validite) values (14, '0', 'CSCCODE14', '10', '2018-05-24 00:00:00');
insert into commercial_gesture (id, id_user, code, valeur, date_fin_validite) values (15, '0', 'CSCCODE15', '10', '2018-05-24 00:00:00');
insert into commercial_gesture (id, id_user, code, valeur, date_fin_validite) values (16, '0', 'CSCCODE16', '10', '2018-05-24 00:00:00');
insert into commercial_gesture (id, id_user, code, valeur, date_fin_validite) values (17, '0', 'CSCCODE17', '10', '2018-05-24 00:00:00');
insert into commercial_gesture (id, id_user, code, valeur, date_fin_validite) values (18, '0', 'CSCCODE18', '10', '2018-05-24 00:00:00');
insert into commercial_gesture (id, id_user, code, valeur, date_fin_validite) values (19, '0', 'CSCCODE19', '10', '2018-05-24 00:00:00');
insert into commercial_gesture (id, id_user, code, valeur, date_fin_validite) values (20, '0', 'CSCCODE20', '10', '2018-05-24 00:00:00');
insert into commercial_gesture (id, id_user, code, valeur, date_fin_validite) values (21, '0', 'CSCCODE21', '10', '2018-05-24 00:00:00');
insert into commercial_gesture (id, id_user, code, valeur, date_fin_validite) values (22, '0', 'CSCCODE22', '10', '2018-05-24 00:00:00');
insert into commercial_gesture (id, id_user, code, valeur, date_fin_validite) values (23, '0', 'CSCCODE23', '10', '2018-05-24 00:00:00');
insert into commercial_gesture (id, id_user, code, valeur, date_fin_validite) values (24, '0', 'CSCCODE24', '10', '2018-05-24 00:00:00');
insert into commercial_gesture (id, id_user, code, valeur, date_fin_validite) values (25, '0', 'CSCCODE25', '10', '2018-05-24 00:00:00');

#---------------Reservation Thierno----------------------------------
INSERT INTO booking (id, car_registration_id, departure_date, arrival_date, id_car, id_user, id_place_depart, id_place_arrivee, heure_depart_prevu, heure_arrivee_prevu)
VALUES
(1, 'IG-194-IF', '2018-04-01 09:39:00', '2018-04-01 15:00:00', 731, 200, 7, 1000, '0000-00-00 00:00:00', '0000-00-00 00:00:00'),
(2, 'IG-194-IF', '2018-04-01 14:55:00', '2018-04-01 22:18:00', 731, 200, 8, 826, '0000-00-00 00:00:00', '0000-00-00 00:00:00'),
(3, 'ZT-166-PS', '2018-04-01 10:55:00', '2018-04-01 18:00:00', 638, 200, 9, 999, '0000-00-00 00:00:00', '0000-00-00 00:00:00'),
(4, 'ZT-166-PS', '2018-04-01 10:55:00', '2018-04-01 18:00:00', 638, 200, 9, 999, '0000-00-00 00:00:00', '0000-00-00 00:00:00'),
(5, 'OZ-793-OP', '2018-04-01 10:55:00', '2018-04-01 18:00:00', 750, 200, 9, 999, '0000-00-00 00:00:00', '0000-00-00 00:00:00'),
(6, 'EB-184-WF', '2018-04-01 10:55:00', '2018-04-01 18:00:00', 39, 200, 9, 999, '0000-00-00 00:00:00', '0000-00-00 00:00:00'),
(7, 'PO-367-WY', '2018-04-01 10:55:00', '2018-04-01 18:00:00', 40, 200, 9, 999, '0000-00-00 00:00:00', '0000-00-00 00:00:00'),
(8, 'LI-621-XC', '2018-04-01 10:55:00', '2018-04-01 18:00:00', 41, 200, 9, 999, '0000-00-00 00:00:00', '0000-00-00 00:00:00'),
(9, 'PM-433-PQ', '2018-04-01 10:55:00', '2018-04-01 18:00:00', 42, 200, 9, 999, '0000-00-00 00:00:00', '0000-00-00 00:00:00'),
(10, 'XQ-794-YP', '2018-04-01 10:55:00', '2018-04-01 18:00:00', 43, 200, 9, 999, '0000-00-00 00:00:00', '0000-00-00 00:00:00');